forecast_id,train_number,section_id,track_id,estimated_entry,estimated_exit,confidence_score,commodity,origin_hub,destination_hub,source
GF-7001,FRT-0005,ALJN-TDL,ALJN-TDL-UP,2026-10-01 15:01:00,2026-10-01 16:22:00,0.91,CONTAINER,Tughlakabad ICD,Dankuni Goods Yard,SIMULATED_FOIS
GF-7002,FRT-0005,ETW-CNB,ETW-CNB-UP,2026-10-01 16:37:00,2026-10-01 17:58:00,0.91,FERTILIZER,Tughlakabad ICD,Dankuni Goods Yard,SIMULATED_FOIS
GF-7003,FRT-0005,ANVT-GZB,ANVT-GZB-DN,2026-10-01 18:13:00,2026-10-01 19:05:00,0.91,CONTAINER,Tughlakabad ICD,Dankuni Goods Yard,SIMULATED_FOIS
GF-7004,FRT-0005,GZB-ALJN,GZB-ALJN-DN,2026-10-01 19:20:00,2026-10-01 20:14:00,0.91,EMPTY_RAKE,Tughlakabad ICD,Dankuni Goods Yard,SIMULATED_FOIS
GF-7005,FRT-0008,ALJN-TDL,ALJN-TDL-UP,2026-10-01 18:51:00,2026-10-01 19:41:00,0.89,CONTAINER,Tughlakabad ICD,Dankuni Goods Yard,SIMULATED_FOIS
GF-7006,FRT-0008,TDL-ETW,TDL-ETW-DN,2026-10-01 19:56:00,2026-10-01 21:24:00,0.89,EMPTY_RAKE,Tughlakabad ICD,Dankuni Goods Yard,SIMULATED_FOIS
GF-7007,FRT-0008,NDLS-GZB,NDLS-GZB-DN,2026-10-01 21:39:00,2026-10-01 22:43:00,0.89,FERTILIZER,Tughlakabad ICD,Dankuni Goods Yard,SIMULATED_FOIS
GF-7008,FRT-0035,CNB-PRYJ,CNB-PRYJ-DN,2026-10-01 18:29:00,2026-10-01 19:50:00,0.9,AUTOMOBILES,Tughlakabad ICD,Dankuni Goods Yard,SIMULATED_FOIS
GF-7009,FRT-0035,NDLS-GZB,NDLS-GZB-DN,2026-10-01 20:05:00,2026-10-01 21:12:00,0.9,FERTILIZER,Tughlakabad ICD,Dankuni Goods Yard,SIMULATED_FOIS
GF-7010,FRT-0035,ALJN-TDL,ALJN-TDL-UP,2026-10-01 21:27:00,2026-10-01 22:30:00,0.9,EMPTY_RAKE,Tughlakabad ICD,Dankuni Goods Yard,SIMULATED_FOIS
GF-7011,FRT-0035,TDL-ETW,TDL-ETW-DN,2026-10-01 22:45:00,2026-10-01 23:49:00,0.9,EMPTY_RAKE,Tughlakabad ICD,Dankuni Goods Yard,SIMULATED_FOIS
GF-7012,FRT-0040,NDLS-GZB,NDLS-GZB-DN,2026-10-01 20:44:00,2026-10-01 21:32:00,0.53,FERTILIZER,Tughlakabad ICD,Dankuni Goods Yard,SIMULATED_FOIS
GF-7013,FRT-0040,ETW-CNB,ETW-CNB-UP,2026-10-01 21:47:00,2026-10-01 23:11:00,0.53,AUTOMOBILES,Tughlakabad ICD,Dankuni Goods Yard,SIMULATED_FOIS
GF-7014,FRT-0040,ALJN-TDL,ALJN-TDL-UP,2026-10-01 23:26:00,2026-10-02 00:16:00,0.53,CONTAINER,Tughlakabad ICD,Dankuni Goods Yard,SIMULATED_FOIS
GF-7015,FRT-0041,GZB-ALJN,GZB-ALJN-UP,2026-10-01 10:35:00,2026-10-01 11:36:00,0.59,CONTAINER,Tughlakabad ICD,Dankuni Goods Yard,SIMULATED_FOIS
GF-7016,FRT-0041,ANVT-GZB,ANVT-GZB-UP,2026-10-01 11:51:00,2026-10-01 13:14:00,0.59,EMPTY_RAKE,Tughlakabad ICD,Dankuni Goods Yard,SIMULATED_FOIS
GF-7017,FRT-0041,TDL-ETW,TDL-ETW-DN,2026-10-01 13:29:00,2026-10-01 14:23:00,0.59,FERTILIZER,Tughlakabad ICD,Dankuni Goods Yard,SIMULATED_FOIS
GF-7018,FRT-0042,GZB-ALJN,GZB-ALJN-DN,2026-10-01 09:03:00,2026-10-01 10:21:00,0.69,FERTILIZER,Tughlakabad ICD,Dankuni Goods Yard,SIMULATED_FOIS
GF-7019,FRT-0042,ETW-CNB,ETW-CNB-DN,2026-10-01 10:36:00,2026-10-01 11:26:00,0.69,EMPTY_RAKE,Tughlakabad ICD,Dankuni Goods Yard,SIMULATED_FOIS
GF-7020,FRT-0047,CNB-PRYJ,CNB-PRYJ-DN,2026-10-01 15:05:00,2026-10-01 16:05:00,0.84,COAL,Tughlakabad ICD,Dankuni Goods Yard,SIMULATED_FOIS
GF-7021,FRT-0047,ALJN-TDL,ALJN-TDL-DN,2026-10-01 16:20:00,2026-10-01 17:18:00,0.84,FERTILIZER,Tughlakabad ICD,Dankuni Goods Yard,SIMULATED_FOIS
GF-7022,FRT-0054,ETW-CNB,ETW-CNB-UP,2026-10-01 04:57:00,2026-10-01 06:11:00,0.48,FERTILIZER,Tughlakabad ICD,Dankuni Goods Yard,SIMULATED_FOIS
GF-7023,FRT-0054,GZB-ALJN,GZB-ALJN-DN,2026-10-01 06:26:00,2026-10-01 07:41:00,0.48,EMPTY_RAKE,Tughlakabad ICD,Dankuni Goods Yard,SIMULATED_FOIS
GF-7024,FRT-0080,ALJN-TDL,ALJN-TDL-DN,2026-10-01 14:18:00,2026-10-01 15:12:00,0.69,AUTOMOBILES,Tughlakabad ICD,Dankuni Goods Yard,SIMULATED_FOIS
GF-7025,FRT-0080,ETW-CNB,ETW-CNB-UP,2026-10-01 15:27:00,2026-10-01 16:12:00,0.69,AUTOMOBILES,Tughlakabad ICD,Dankuni Goods Yard,SIMULATED_FOIS
GF-7026,FRT-0090,ETW-CNB,ETW-CNB-DN,2026-10-01 02:24:00,2026-10-01 03:43:00,0.5,AUTOMOBILES,Tughlakabad ICD,Dankuni Goods Yard,SIMULATED_FOIS
GF-7027,FRT-0090,GZB-ALJN,GZB-ALJN-DN,2026-10-01 03:58:00,2026-10-01 05:22:00,0.5,FERTILIZER,Tughlakabad ICD,Dankuni Goods Yard,SIMULATED_FOIS
GF-7028,FRT-0090,TDL-ETW,TDL-ETW-UP,2026-10-01 05:37:00,2026-10-01 06:43:00,0.5,CONTAINER,Tughlakabad ICD,Dankuni Goods Yard,SIMULATED_FOIS
GF-7029,FRT-0095,ETW-CNB,ETW-CNB-DN,2026-10-01 16:44:00,2026-10-01 17:44:00,0.84,EMPTY_RAKE,Tughlakabad ICD,Dankuni Goods Yard,SIMULATED_FOIS
GF-7030,FRT-0095,TDL-ETW,TDL-ETW-DN,2026-10-01 17:59:00,2026-10-01 18:56:00,0.84,COAL,Tughlakabad ICD,Dankuni Goods Yard,SIMULATED_FOIS
GF-7031,FRT-0095,ALJN-TDL,ALJN-TDL-DN,2026-10-01 19:11:00,2026-10-01 20:16:00,0.84,CONTAINER,Tughlakabad ICD,Dankuni Goods Yard,SIMULATED_FOIS
GF-7032,FRT-0005,NDLS-GZB,NDLS-GZB-UP,2026-10-02 04:20:00,2026-10-02 05:48:00,0.71,COAL,Tughlakabad ICD,Dankuni Goods Yard,SIMULATED_FOIS
GF-7033,FRT-0005,ALJN-TDL,ALJN-TDL-UP,2026-10-02 06:03:00,2026-10-02 07:06:00,0.71,CONTAINER,Tughlakabad ICD,Dankuni Goods Yard,SIMULATED_FOIS
GF-7034,FRT-0008,TDL-ETW,TDL-ETW-DN,2026-10-02 02:56:00,2026-10-02 04:23:00,0.92,COAL,Tughlakabad ICD,Dankuni Goods Yard,SIMULATED_FOIS
GF-7035,FRT-0008,NDLS-GZB,NDLS-GZB-DN,2026-10-02 04:38:00,2026-10-02 06:01:00,0.92,CONTAINER,Tughlakabad ICD,Dankuni Goods Yard,SIMULATED_FOIS
GF-7036,FRT-0035,CNB-PRYJ,CNB-PRYJ-DN,2026-10-02 05:26:00,2026-10-02 06:52:00,0.64,COAL,Tughlakabad ICD,Dankuni Goods Yard,SIMULATED_FOIS
GF-7037,FRT-0035,TDL-ETW,TDL-ETW-DN,2026-10-02 07:07:00,2026-10-02 07:59:00,0.64,FERTILIZER,Tughlakabad ICD,Dankuni Goods Yard,SIMULATED_FOIS
GF-7038,FRT-0040,ALJN-TDL,ALJN-TDL-DN,2026-10-02 22:48:00,2026-10-02 23:50:00,0.68,FERTILIZER,Tughlakabad ICD,Dankuni Goods Yard,SIMULATED_FOIS
GF-7039,FRT-0040,ETW-CNB,ETW-CNB-UP,2026-10-03 00:05:00,2026-10-03 01:06:00,0.68,CONTAINER,Tughlakabad ICD,Dankuni Goods Yard,SIMULATED_FOIS
GF-7040,FRT-0040,NDLS-GZB,NDLS-GZB-DN,2026-10-03 01:21:00,2026-10-03 02:23:00,0.68,AUTOMOBILES,Tughlakabad ICD,Dankuni Goods Yard,SIMULATED_FOIS
GF-7041,FRT-0041,GZB-ALJN,GZB-ALJN-UP,2026-10-02 10:02:00,2026-10-02 10:51:00,0.54,COAL,Tughlakabad ICD,Dankuni Goods Yard,SIMULATED_FOIS
GF-7042,FRT-0041,NDLS-GZB,NDLS-GZB-UP,2026-10-02 11:06:00,2026-10-02 12:30:00,0.54,AUTOMOBILES,Tughlakabad ICD,Dankuni Goods Yard,SIMULATED_FOIS
GF-7043,FRT-0041,CNB-PRYJ,CNB-PRYJ-UP,2026-10-02 12:45:00,2026-10-02 13:36:00,0.54,AUTOMOBILES,Tughlakabad ICD,Dankuni Goods Yard,SIMULATED_FOIS
GF-7044,FRT-0042,TDL-ETW,TDL-ETW-UP,2026-10-02 04:37:00,2026-10-02 06:07:00,0.91,CONTAINER,Tughlakabad ICD,Dankuni Goods Yard,SIMULATED_FOIS
GF-7045,FRT-0042,ETW-CNB,ETW-CNB-UP,2026-10-02 06:22:00,2026-10-02 07:11:00,0.91,FERTILIZER,Tughlakabad ICD,Dankuni Goods Yard,SIMULATED_FOIS
GF-7046,FRT-0047,NDLS-GZB,NDLS-GZB-DN,2026-10-02 22:51:00,2026-10-02 23:38:00,0.45,FERTILIZER,Tughlakabad ICD,Dankuni Goods Yard,SIMULATED_FOIS
GF-7047,FRT-0047,ALJN-TDL,ALJN-TDL-DN,2026-10-02 23:53:00,2026-10-03 00:47:00,0.45,AUTOMOBILES,Tughlakabad ICD,Dankuni Goods Yard,SIMULATED_FOIS
GF-7048,FRT-0047,ANVT-GZB,ANVT-GZB-UP,2026-10-03 01:02:00,2026-10-03 02:23:00,0.45,AUTOMOBILES,Tughlakabad ICD,Dankuni Goods Yard,SIMULATED_FOIS
GF-7049,FRT-0054,ALJN-TDL,ALJN-TDL-DN,2026-10-02 19:26:00,2026-10-02 20:35:00,0.56,AUTOMOBILES,Tughlakabad ICD,Dankuni Goods Yard,SIMULATED_FOIS
GF-7050,FRT-0054,CNB-PRYJ,CNB-PRYJ-DN,2026-10-02 20:50:00,2026-10-02 21:42:00,0.56,FERTILIZER,Tughlakabad ICD,Dankuni Goods Yard,SIMULATED_FOIS
GF-7051,FRT-0054,NDLS-GZB,NDLS-GZB-DN,2026-10-02 21:57:00,2026-10-02 23:03:00,0.56,AUTOMOBILES,Tughlakabad ICD,Dankuni Goods Yard,SIMULATED_FOIS
GF-7052,FRT-0080,ETW-CNB,ETW-CNB-UP,2026-10-02 04:05:00,2026-10-02 05:11:00,0.63,AUTOMOBILES,Tughlakabad ICD,Dankuni Goods Yard,SIMULATED_FOIS
GF-7053,FRT-0080,CNB-PRYJ,CNB-PRYJ-DN,2026-10-02 05:26:00,2026-10-02 06:29:00,0.63,COAL,Tughlakabad ICD,Dankuni Goods Yard,SIMULATED_FOIS
GF-7054,FRT-0090,NDLS-GZB,NDLS-GZB-DN,2026-10-02 14:18:00,2026-10-02 15:43:00,0.9,AUTOMOBILES,Tughlakabad ICD,Dankuni Goods Yard,SIMULATED_FOIS
GF-7055,FRT-0090,ALJN-TDL,ALJN-TDL-DN,2026-10-02 15:58:00,2026-10-02 16:48:00,0.9,AUTOMOBILES,Tughlakabad ICD,Dankuni Goods Yard,SIMULATED_FOIS
GF-7056,FRT-0090,ANVT-GZB,ANVT-GZB-UP,2026-10-02 17:03:00,2026-10-02 18:00:00,0.9,COAL,Tughlakabad ICD,Dankuni Goods Yard,SIMULATED_FOIS
GF-7057,FRT-0090,GZB-ALJN,GZB-ALJN-DN,2026-10-02 18:15:00,2026-10-02 19:01:00,0.9,EMPTY_RAKE,Tughlakabad ICD,Dankuni Goods Yard,SIMULATED_FOIS
GF-7058,FRT-0095,ALJN-TDL,ALJN-TDL-UP,2026-10-02 03:09:00,2026-10-02 04:35:00,0.85,EMPTY_RAKE,Tughlakabad ICD,Dankuni Goods Yard,SIMULATED_FOIS
GF-7059,FRT-0095,CNB-PRYJ,CNB-PRYJ-DN,2026-10-02 04:50:00,2026-10-02 06:03:00,0.85,CONTAINER,Tughlakabad ICD,Dankuni Goods Yard,SIMULATED_FOIS
GF-7060,FRT-0005,GZB-ALJN,GZB-ALJN-UP,2026-10-03 12:31:00,2026-10-03 13:18:00,0.84,COAL,Tughlakabad ICD,Dankuni Goods Yard,SIMULATED_FOIS
GF-7061,FRT-0005,NDLS-GZB,NDLS-GZB-DN,2026-10-03 13:33:00,2026-10-03 14:59:00,0.84,AUTOMOBILES,Tughlakabad ICD,Dankuni Goods Yard,SIMULATED_FOIS
GF-7062,FRT-0008,CNB-PRYJ,CNB-PRYJ-UP,2026-10-03 03:27:00,2026-10-03 04:21:00,0.47,CONTAINER,Tughlakabad ICD,Dankuni Goods Yard,SIMULATED_FOIS
GF-7063,FRT-0008,TDL-ETW,TDL-ETW-DN,2026-10-03 04:36:00,2026-10-03 05:51:00,0.47,EMPTY_RAKE,Tughlakabad ICD,Dankuni Goods Yard,SIMULATED_FOIS
GF-7064,FRT-0008,ANVT-GZB,ANVT-GZB-UP,2026-10-03 06:06:00,2026-10-03 06:53:00,0.47,COAL,Tughlakabad ICD,Dankuni Goods Yard,SIMULATED_FOIS
GF-7065,FRT-0008,ETW-CNB,ETW-CNB-UP,2026-10-03 07:08:00,2026-10-03 07:53:00,0.47,CONTAINER,Tughlakabad ICD,Dankuni Goods Yard,SIMULATED_FOIS
GF-7066,FRT-0035,CNB-PRYJ,CNB-PRYJ-UP,2026-10-03 21:51:00,2026-10-03 23:13:00,0.54,CONTAINER,Tughlakabad ICD,Dankuni Goods Yard,SIMULATED_FOIS
GF-7067,FRT-0035,NDLS-GZB,NDLS-GZB-UP,2026-10-03 23:28:00,2026-10-04 00:20:00,0.54,EMPTY_RAKE,Tughlakabad ICD,Dankuni Goods Yard,SIMULATED_FOIS
GF-7068,FRT-0035,ALJN-TDL,ALJN-TDL-UP,2026-10-04 00:35:00,2026-10-04 01:34:00,0.54,COAL,Tughlakabad ICD,Dankuni Goods Yard,SIMULATED_FOIS
GF-7069,FRT-0040,GZB-ALJN,GZB-ALJN-DN,2026-10-03 12:04:00,2026-10-03 13:32:00,0.51,COAL,Tughlakabad ICD,Dankuni Goods Yard,SIMULATED_FOIS
GF-7070,FRT-0040,ETW-CNB,ETW-CNB-DN,2026-10-03 13:47:00,2026-10-03 14:52:00,0.51,COAL,Tughlakabad ICD,Dankuni Goods Yard,SIMULATED_FOIS
GF-7071,FRT-0040,ALJN-TDL,ALJN-TDL-DN,2026-10-03 15:07:00,2026-10-03 15:54:00,0.51,FERTILIZER,Tughlakabad ICD,Dankuni Goods Yard,SIMULATED_FOIS
GF-7072,FRT-0041,NDLS-GZB,NDLS-GZB-DN,2026-10-03 05:49:00,2026-10-03 06:44:00,0.83,EMPTY_RAKE,Tughlakabad ICD,Dankuni Goods Yard,SIMULATED_FOIS
GF-7073,FRT-0041,GZB-ALJN,GZB-ALJN-UP,2026-10-03 06:59:00,2026-10-03 07:54:00,0.83,EMPTY_RAKE,Tughlakabad ICD,Dankuni Goods Yard,SIMULATED_FOIS
GF-7074,FRT-0042,ANVT-GZB,ANVT-GZB-UP,2026-10-03 22:34:00,2026-10-03 23:29:00,0.76,AUTOMOBILES,Tughlakabad ICD,Dankuni Goods Yard,SIMULATED_FOIS
GF-7075,FRT-0042,NDLS-GZB,NDLS-GZB-UP,2026-10-03 23:44:00,2026-10-04 00:34:00,0.76,COAL,Tughlakabad ICD,Dankuni Goods Yard,SIMULATED_FOIS
GF-7076,FRT-0047,ETW-CNB,ETW-CNB-DN,2026-10-03 21:15:00,2026-10-03 22:26:00,0.89,AUTOMOBILES,Tughlakabad ICD,Dankuni Goods Yard,SIMULATED_FOIS
GF-7077,FRT-0047,CNB-PRYJ,CNB-PRYJ-UP,2026-10-03 22:41:00,2026-10-04 00:10:00,0.89,COAL,Tughlakabad ICD,Dankuni Goods Yard,SIMULATED_FOIS
GF-7078,FRT-0054,GZB-ALJN,GZB-ALJN-DN,2026-10-03 09:09:00,2026-10-03 10:33:00,0.92,EMPTY_RAKE,Tughlakabad ICD,Dankuni Goods Yard,SIMULATED_FOIS
GF-7079,FRT-0054,TDL-ETW,TDL-ETW-DN,2026-10-03 10:48:00,2026-10-03 11:44:00,0.92,EMPTY_RAKE,Tughlakabad ICD,Dankuni Goods Yard,SIMULATED_FOIS
GF-7080,FRT-0054,ALJN-TDL,ALJN-TDL-DN,2026-10-03 11:59:00,2026-10-03 12:49:00,0.92,FERTILIZER,Tughlakabad ICD,Dankuni Goods Yard,SIMULATED_FOIS
GF-7081,FRT-0054,ETW-CNB,ETW-CNB-UP,2026-10-03 13:04:00,2026-10-03 14:11:00,0.92,EMPTY_RAKE,Tughlakabad ICD,Dankuni Goods Yard,SIMULATED_FOIS
GF-7082,FRT-0080,ANVT-GZB,ANVT-GZB-UP,2026-10-03 19:05:00,2026-10-03 20:29:00,0.94,EMPTY_RAKE,Tughlakabad ICD,Dankuni Goods Yard,SIMULATED_FOIS
GF-7083,FRT-0080,NDLS-GZB,NDLS-GZB-UP,2026-10-03 20:44:00,2026-10-03 22:01:00,0.94,COAL,Tughlakabad ICD,Dankuni Goods Yard,SIMULATED_FOIS
GF-7084,FRT-0090,NDLS-GZB,NDLS-GZB-UP,2026-10-03 06:05:00,2026-10-03 07:20:00,0.79,COAL,Tughlakabad ICD,Dankuni Goods Yard,SIMULATED_FOIS
GF-7085,FRT-0090,ANVT-GZB,ANVT-GZB-DN,2026-10-03 07:35:00,2026-10-03 09:02:00,0.79,CONTAINER,Tughlakabad ICD,Dankuni Goods Yard,SIMULATED_FOIS
GF-7086,FRT-0090,CNB-PRYJ,CNB-PRYJ-UP,2026-10-03 09:17:00,2026-10-03 10:43:00,0.79,COAL,Tughlakabad ICD,Dankuni Goods Yard,SIMULATED_FOIS
GF-7087,FRT-0095,GZB-ALJN,GZB-ALJN-DN,2026-10-03 16:28:00,2026-10-03 17:16:00,0.47,COAL,Tughlakabad ICD,Dankuni Goods Yard,SIMULATED_FOIS
GF-7088,FRT-0095,CNB-PRYJ,CNB-PRYJ-DN,2026-10-03 17:31:00,2026-10-03 18:26:00,0.47,AUTOMOBILES,Tughlakabad ICD,Dankuni Goods Yard,SIMULATED_FOIS
GF-7089,FRT-0095,TDL-ETW,TDL-ETW-UP,2026-10-03 18:41:00,2026-10-03 19:58:00,0.47,COAL,Tughlakabad ICD,Dankuni Goods Yard,SIMULATED_FOIS
GF-7090,FRT-0005,ALJN-TDL,ALJN-TDL-DN,2026-10-04 15:18:00,2026-10-04 16:46:00,0.55,COAL,Tughlakabad ICD,Dankuni Goods Yard,SIMULATED_FOIS
GF-7091,FRT-0005,TDL-ETW,TDL-ETW-UP,2026-10-04 17:01:00,2026-10-04 17:53:00,0.55,CONTAINER,Tughlakabad ICD,Dankuni Goods Yard,SIMULATED_FOIS
GF-7092,FRT-0005,ETW-CNB,ETW-CNB-DN,2026-10-04 18:08:00,2026-10-04 19:08:00,0.55,COAL,Tughlakabad ICD,Dankuni Goods Yard,SIMULATED_FOIS
GF-7093,FRT-0005,GZB-ALJN,GZB-ALJN-DN,2026-10-04 19:23:00,2026-10-04 20:32:00,0.55,CONTAINER,Tughlakabad ICD,Dankuni Goods Yard,SIMULATED_FOIS
GF-7094,FRT-0008,TDL-ETW,TDL-ETW-UP,2026-10-04 15:52:00,2026-10-04 17:16:00,0.52,AUTOMOBILES,Tughlakabad ICD,Dankuni Goods Yard,SIMULATED_FOIS
GF-7095,FRT-0008,ALJN-TDL,ALJN-TDL-UP,2026-10-04 17:31:00,2026-10-04 18:39:00,0.52,COAL,Tughlakabad ICD,Dankuni Goods Yard,SIMULATED_FOIS
GF-7096,FRT-0008,NDLS-GZB,NDLS-GZB-UP,2026-10-04 18:54:00,2026-10-04 20:19:00,0.52,FERTILIZER,Tughlakabad ICD,Dankuni Goods Yard,SIMULATED_FOIS
GF-7097,FRT-0035,GZB-ALJN,GZB-ALJN-UP,2026-10-04 02:05:00,2026-10-04 02:53:00,0.8,CONTAINER,Tughlakabad ICD,Dankuni Goods Yard,SIMULATED_FOIS
GF-7098,FRT-0035,ANVT-GZB,ANVT-GZB-UP,2026-10-04 03:08:00,2026-10-04 04:22:00,0.8,COAL,Tughlakabad ICD,Dankuni Goods Yard,SIMULATED_FOIS
GF-7099,FRT-0040,ANVT-GZB,ANVT-GZB-DN,2026-10-04 06:21:00,2026-10-04 07:46:00,0.84,COAL,Tughlakabad ICD,Dankuni Goods Yard,SIMULATED_FOIS
GF-7100,FRT-0040,GZB-ALJN,GZB-ALJN-DN,2026-10-04 08:01:00,2026-10-04 09:22:00,0.84,COAL,Tughlakabad ICD,Dankuni Goods Yard,SIMULATED_FOIS
GF-7101,FRT-0040,TDL-ETW,TDL-ETW-UP,2026-10-04 09:37:00,2026-10-04 10:27:00,0.84,EMPTY_RAKE,Tughlakabad ICD,Dankuni Goods Yard,SIMULATED_FOIS
GF-7102,FRT-0041,CNB-PRYJ,CNB-PRYJ-UP,2026-10-04 17:09:00,2026-10-04 18:11:00,0.87,AUTOMOBILES,Tughlakabad ICD,Dankuni Goods Yard,SIMULATED_FOIS
GF-7103,FRT-0041,ANVT-GZB,ANVT-GZB-UP,2026-10-04 18:26:00,2026-10-04 19:26:00,0.87,AUTOMOBILES,Tughlakabad ICD,Dankuni Goods Yard,SIMULATED_FOIS
GF-7104,FRT-0041,TDL-ETW,TDL-ETW-UP,2026-10-04 19:41:00,2026-10-04 21:03:00,0.87,EMPTY_RAKE,Tughlakabad ICD,Dankuni Goods Yard,SIMULATED_FOIS
GF-7105,FRT-0042,TDL-ETW,TDL-ETW-DN,2026-10-04 15:15:00,2026-10-04 16:02:00,0.94,EMPTY_RAKE,Tughlakabad ICD,Dankuni Goods Yard,SIMULATED_FOIS
GF-7106,FRT-0042,NDLS-GZB,NDLS-GZB-UP,2026-10-04 16:17:00,2026-10-04 17:04:00,0.94,AUTOMOBILES,Tughlakabad ICD,Dankuni Goods Yard,SIMULATED_FOIS
GF-7107,FRT-0047,CNB-PRYJ,CNB-PRYJ-DN,2026-10-04 16:26:00,2026-10-04 17:16:00,0.7,CONTAINER,Tughlakabad ICD,Dankuni Goods Yard,SIMULATED_FOIS
GF-7108,FRT-0047,ETW-CNB,ETW-CNB-DN,2026-10-04 17:31:00,2026-10-04 19:00:00,0.7,COAL,Tughlakabad ICD,Dankuni Goods Yard,SIMULATED_FOIS
GF-7109,FRT-0047,NDLS-GZB,NDLS-GZB-UP,2026-10-04 19:15:00,2026-10-04 20:08:00,0.7,COAL,Tughlakabad ICD,Dankuni Goods Yard,SIMULATED_FOIS
GF-7110,FRT-0054,NDLS-GZB,NDLS-GZB-DN,2026-10-04 06:31:00,2026-10-04 07:52:00,0.8,CONTAINER,Tughlakabad ICD,Dankuni Goods Yard,SIMULATED_FOIS
GF-7111,FRT-0054,CNB-PRYJ,CNB-PRYJ-UP,2026-10-04 08:07:00,2026-10-04 09:21:00,0.8,COAL,Tughlakabad ICD,Dankuni Goods Yard,SIMULATED_FOIS
GF-7112,FRT-0054,ALJN-TDL,ALJN-TDL-UP,2026-10-04 09:36:00,2026-10-04 11:06:00,0.8,FERTILIZER,Tughlakabad ICD,Dankuni Goods Yard,SIMULATED_FOIS
GF-7113,FRT-0054,GZB-ALJN,GZB-ALJN-UP,2026-10-04 11:21:00,2026-10-04 12:46:00,0.8,CONTAINER,Tughlakabad ICD,Dankuni Goods Yard,SIMULATED_FOIS
GF-7114,FRT-0080,NDLS-GZB,NDLS-GZB-DN,2026-10-04 11:07:00,2026-10-04 12:09:00,0.66,EMPTY_RAKE,Tughlakabad ICD,Dankuni Goods Yard,SIMULATED_FOIS
GF-7115,FRT-0080,ALJN-TDL,ALJN-TDL-DN,2026-10-04 12:24:00,2026-10-04 13:43:00,0.66,COAL,Tughlakabad ICD,Dankuni Goods Yard,SIMULATED_FOIS
GF-7116,FRT-0080,GZB-ALJN,GZB-ALJN-UP,2026-10-04 13:58:00,2026-10-04 15:26:00,0.66,FERTILIZER,Tughlakabad ICD,Dankuni Goods Yard,SIMULATED_FOIS
GF-7117,FRT-0080,CNB-PRYJ,CNB-PRYJ-DN,2026-10-04 15:41:00,2026-10-04 16:29:00,0.66,FERTILIZER,Tughlakabad ICD,Dankuni Goods Yard,SIMULATED_FOIS
GF-7118,FRT-0090,NDLS-GZB,NDLS-GZB-UP,2026-10-04 13:28:00,2026-10-04 14:15:00,0.68,COAL,Tughlakabad ICD,Dankuni Goods Yard,SIMULATED_FOIS
GF-7119,FRT-0090,ALJN-TDL,ALJN-TDL-DN,2026-10-04 14:30:00,2026-10-04 15:56:00,0.68,CONTAINER,Tughlakabad ICD,Dankuni Goods Yard,SIMULATED_FOIS
GF-7120,FRT-0095,ETW-CNB,ETW-CNB-UP,2026-10-04 09:08:00,2026-10-04 10:34:00,0.72,EMPTY_RAKE,Tughlakabad ICD,Dankuni Goods Yard,SIMULATED_FOIS
GF-7121,FRT-0095,ANVT-GZB,ANVT-GZB-UP,2026-10-04 10:49:00,2026-10-04 12:18:00,0.72,COAL,Tughlakabad ICD,Dankuni Goods Yard,SIMULATED_FOIS
GF-7122,FRT-0095,CNB-PRYJ,CNB-PRYJ-UP,2026-10-04 12:33:00,2026-10-04 13:38:00,0.72,FERTILIZER,Tughlakabad ICD,Dankuni Goods Yard,SIMULATED_FOIS
GF-7123,FRT-0095,GZB-ALJN,GZB-ALJN-DN,2026-10-04 13:53:00,2026-10-04 15:10:00,0.72,FERTILIZER,Tughlakabad ICD,Dankuni Goods Yard,SIMULATED_FOIS
GF-7124,FRT-0005,NDLS-GZB,NDLS-GZB-DN,2026-10-05 12:47:00,2026-10-05 14:04:00,0.68,CONTAINER,Tughlakabad ICD,Dankuni Goods Yard,SIMULATED_FOIS
GF-7125,FRT-0005,GZB-ALJN,GZB-ALJN-DN,2026-10-05 14:19:00,2026-10-05 15:34:00,0.68,EMPTY_RAKE,Tughlakabad ICD,Dankuni Goods Yard,SIMULATED_FOIS
GF-7126,FRT-0008,ALJN-TDL,ALJN-TDL-UP,2026-10-05 03:14:00,2026-10-05 04:28:00,0.54,AUTOMOBILES,Tughlakabad ICD,Dankuni Goods Yard,SIMULATED_FOIS
GF-7127,FRT-0008,TDL-ETW,TDL-ETW-UP,2026-10-05 04:43:00,2026-10-05 05:39:00,0.54,CONTAINER,Tughlakabad ICD,Dankuni Goods Yard,SIMULATED_FOIS
GF-7128,FRT-0008,GZB-ALJN,GZB-ALJN-UP,2026-10-05 05:54:00,2026-10-05 06:45:00,0.54,CONTAINER,Tughlakabad ICD,Dankuni Goods Yard,SIMULATED_FOIS
GF-7129,FRT-0035,ANVT-GZB,ANVT-GZB-UP,2026-10-05 18:46:00,2026-10-05 19:32:00,0.93,EMPTY_RAKE,Tughlakabad ICD,Dankuni Goods Yard,SIMULATED_FOIS
GF-7130,FRT-0035,ALJN-TDL,ALJN-TDL-UP,2026-10-05 19:47:00,2026-10-05 20:40:00,0.93,AUTOMOBILES,Tughlakabad ICD,Dankuni Goods Yard,SIMULATED_FOIS
GF-7131,FRT-0035,CNB-PRYJ,CNB-PRYJ-DN,2026-10-05 20:55:00,2026-10-05 22:08:00,0.93,CONTAINER,Tughlakabad ICD,Dankuni Goods Yard,SIMULATED_FOIS
GF-7132,FRT-0035,TDL-ETW,TDL-ETW-UP,2026-10-05 22:23:00,2026-10-05 23:26:00,0.93,CONTAINER,Tughlakabad ICD,Dankuni Goods Yard,SIMULATED_FOIS
GF-7133,FRT-0040,CNB-PRYJ,CNB-PRYJ-UP,2026-10-05 23:00:00,2026-10-06 00:22:00,0.62,FERTILIZER,Tughlakabad ICD,Dankuni Goods Yard,SIMULATED_FOIS
GF-7134,FRT-0040,TDL-ETW,TDL-ETW-DN,2026-10-06 00:37:00,2026-10-06 01:53:00,0.62,EMPTY_RAKE,Tughlakabad ICD,Dankuni Goods Yard,SIMULATED_FOIS
GF-7135,FRT-0041,ALJN-TDL,ALJN-TDL-UP,2026-10-05 11:27:00,2026-10-05 12:28:00,0.54,FERTILIZER,Tughlakabad ICD,Dankuni Goods Yard,SIMULATED_FOIS
GF-7136,FRT-0041,CNB-PRYJ,CNB-PRYJ-DN,2026-10-05 12:43:00,2026-10-05 13:46:00,0.54,CONTAINER,Tughlakabad ICD,Dankuni Goods Yard,SIMULATED_FOIS
GF-7137,FRT-0041,GZB-ALJN,GZB-ALJN-UP,2026-10-05 14:01:00,2026-10-05 14:55:00,0.54,AUTOMOBILES,Tughlakabad ICD,Dankuni Goods Yard,SIMULATED_FOIS
GF-7138,FRT-0041,ANVT-GZB,ANVT-GZB-DN,2026-10-05 15:10:00,2026-10-05 16:05:00,0.54,COAL,Tughlakabad ICD,Dankuni Goods Yard,SIMULATED_FOIS
GF-7139,FRT-0042,TDL-ETW,TDL-ETW-UP,2026-10-05 06:14:00,2026-10-05 07:06:00,0.53,FERTILIZER,Tughlakabad ICD,Dankuni Goods Yard,SIMULATED_FOIS
GF-7140,FRT-0042,GZB-ALJN,GZB-ALJN-UP,2026-10-05 07:21:00,2026-10-05 08:42:00,0.53,FERTILIZER,Tughlakabad ICD,Dankuni Goods Yard,SIMULATED_FOIS
GF-7141,FRT-0042,ANVT-GZB,ANVT-GZB-UP,2026-10-05 08:57:00,2026-10-05 10:05:00,0.53,EMPTY_RAKE,Tughlakabad ICD,Dankuni Goods Yard,SIMULATED_FOIS
GF-7142,FRT-0042,CNB-PRYJ,CNB-PRYJ-UP,2026-10-05 10:20:00,2026-10-05 11:50:00,0.53,FERTILIZER,Tughlakabad ICD,Dankuni Goods Yard,SIMULATED_FOIS
GF-7143,FRT-0047,ANVT-GZB,ANVT-GZB-UP,2026-10-05 19:25:00,2026-10-05 20:44:00,0.94,CONTAINER,Tughlakabad ICD,Dankuni Goods Yard,SIMULATED_FOIS
GF-7144,FRT-0047,GZB-ALJN,GZB-ALJN-DN,2026-10-05 20:59:00,2026-10-05 22:09:00,0.94,COAL,Tughlakabad ICD,Dankuni Goods Yard,SIMULATED_FOIS
GF-7145,FRT-0047,ALJN-TDL,ALJN-TDL-DN,2026-10-05 22:24:00,2026-10-05 23:38:00,0.94,COAL,Tughlakabad ICD,Dankuni Goods Yard,SIMULATED_FOIS
GF-7146,FRT-0054,ETW-CNB,ETW-CNB-UP,2026-10-05 18:19:00,2026-10-05 19:49:00,0.62,FERTILIZER,Tughlakabad ICD,Dankuni Goods Yard,SIMULATED_FOIS
GF-7147,FRT-0054,TDL-ETW,TDL-ETW-DN,2026-10-05 20:04:00,2026-10-05 21:25:00,0.62,EMPTY_RAKE,Tughlakabad ICD,Dankuni Goods Yard,SIMULATED_FOIS
GF-7148,FRT-0080,ALJN-TDL,ALJN-TDL-UP,2026-10-05 02:22:00,2026-10-05 03:42:00,0.52,CONTAINER,Tughlakabad ICD,Dankuni Goods Yard,SIMULATED_FOIS
GF-7149,FRT-0080,GZB-ALJN,GZB-ALJN-DN,2026-10-05 03:57:00,2026-10-05 05:07:00,0.52,COAL,Tughlakabad ICD,Dankuni Goods Yard,SIMULATED_FOIS
GF-7150,FRT-0080,NDLS-GZB,NDLS-GZB-UP,2026-10-05 05:22:00,2026-10-05 06:35:00,0.52,FERTILIZER,Tughlakabad ICD,Dankuni Goods Yard,SIMULATED_FOIS
GF-7151,FRT-0080,CNB-PRYJ,CNB-PRYJ-DN,2026-10-05 06:50:00,2026-10-05 07:38:00,0.52,COAL,Tughlakabad ICD,Dankuni Goods Yard,SIMULATED_FOIS
GF-7152,FRT-0090,TDL-ETW,TDL-ETW-DN,2026-10-05 01:46:00,2026-10-05 02:59:00,0.49,CONTAINER,Tughlakabad ICD,Dankuni Goods Yard,SIMULATED_FOIS
GF-7153,FRT-0090,ANVT-GZB,ANVT-GZB-UP,2026-10-05 03:14:00,2026-10-05 04:31:00,0.49,AUTOMOBILES,Tughlakabad ICD,Dankuni Goods Yard,SIMULATED_FOIS
GF-7154,FRT-0090,GZB-ALJN,GZB-ALJN-DN,2026-10-05 04:46:00,2026-10-05 05:51:00,0.49,EMPTY_RAKE,Tughlakabad ICD,Dankuni Goods Yard,SIMULATED_FOIS
GF-7155,FRT-0090,ETW-CNB,ETW-CNB-DN,2026-10-05 06:06:00,2026-10-05 06:54:00,0.49,FERTILIZER,Tughlakabad ICD,Dankuni Goods Yard,SIMULATED_FOIS
GF-7156,FRT-0095,ANVT-GZB,ANVT-GZB-UP,2026-10-05 13:37:00,2026-10-05 14:22:00,0.64,FERTILIZER,Tughlakabad ICD,Dankuni Goods Yard,SIMULATED_FOIS
GF-7157,FRT-0095,ETW-CNB,ETW-CNB-DN,2026-10-05 14:37:00,2026-10-05 15:41:00,0.64,EMPTY_RAKE,Tughlakabad ICD,Dankuni Goods Yard,SIMULATED_FOIS
GF-7158,FRT-0095,ALJN-TDL,ALJN-TDL-UP,2026-10-05 15:56:00,2026-10-05 16:46:00,0.64,AUTOMOBILES,Tughlakabad ICD,Dankuni Goods Yard,SIMULATED_FOIS
GF-7159,FRT-0005,ALJN-TDL,ALJN-TDL-UP,2026-10-06 15:28:00,2026-10-06 16:39:00,0.81,EMPTY_RAKE,Tughlakabad ICD,Dankuni Goods Yard,SIMULATED_FOIS
GF-7160,FRT-0005,CNB-PRYJ,CNB-PRYJ-UP,2026-10-06 16:54:00,2026-10-06 18:17:00,0.81,COAL,Tughlakabad ICD,Dankuni Goods Yard,SIMULATED_FOIS
GF-7161,FRT-0005,GZB-ALJN,GZB-ALJN-UP,2026-10-06 18:32:00,2026-10-06 19:36:00,0.81,EMPTY_RAKE,Tughlakabad ICD,Dankuni Goods Yard,SIMULATED_FOIS
GF-7162,FRT-0005,ANVT-GZB,ANVT-GZB-UP,2026-10-06 19:51:00,2026-10-06 20:57:00,0.81,EMPTY_RAKE,Tughlakabad ICD,Dankuni Goods Yard,SIMULATED_FOIS
GF-7163,FRT-0008,NDLS-GZB,NDLS-GZB-UP,2026-10-06 22:48:00,2026-10-06 23:59:00,0.91,AUTOMOBILES,Tughlakabad ICD,Dankuni Goods Yard,SIMULATED_FOIS
GF-7164,FRT-0008,CNB-PRYJ,CNB-PRYJ-DN,2026-10-07 00:14:00,2026-10-07 01:44:00,0.91,COAL,Tughlakabad ICD,Dankuni Goods Yard,SIMULATED_FOIS
GF-7165,FRT-0008,ALJN-TDL,ALJN-TDL-UP,2026-10-07 01:59:00,2026-10-07 02:56:00,0.91,AUTOMOBILES,Tughlakabad ICD,Dankuni Goods Yard,SIMULATED_FOIS
GF-7166,FRT-0035,TDL-ETW,TDL-ETW-UP,2026-10-06 11:18:00,2026-10-06 12:22:00,0.87,AUTOMOBILES,Tughlakabad ICD,Dankuni Goods Yard,SIMULATED_FOIS
GF-7167,FRT-0035,ALJN-TDL,ALJN-TDL-UP,2026-10-06 12:37:00,2026-10-06 13:36:00,0.87,CONTAINER,Tughlakabad ICD,Dankuni Goods Yard,SIMULATED_FOIS
GF-7168,FRT-0035,NDLS-GZB,NDLS-GZB-UP,2026-10-06 13:51:00,2026-10-06 14:45:00,0.87,AUTOMOBILES,Tughlakabad ICD,Dankuni Goods Yard,SIMULATED_FOIS
GF-7169,FRT-0040,ETW-CNB,ETW-CNB-DN,2026-10-06 10:49:00,2026-10-06 12:05:00,0.66,COAL,Tughlakabad ICD,Dankuni Goods Yard,SIMULATED_FOIS
GF-7170,FRT-0040,CNB-PRYJ,CNB-PRYJ-UP,2026-10-06 12:20:00,2026-10-06 13:06:00,0.66,FERTILIZER,Tughlakabad ICD,Dankuni Goods Yard,SIMULATED_FOIS
GF-7171,FRT-0041,NDLS-GZB,NDLS-GZB-DN,2026-10-06 20:50:00,2026-10-06 22:02:00,0.69,AUTOMOBILES,Tughlakabad ICD,Dankuni Goods Yard,SIMULATED_FOIS
GF-7172,FRT-0041,TDL-ETW,TDL-ETW-DN,2026-10-06 22:17:00,2026-10-06 23:46:00,0.69,FERTILIZER,Tughlakabad ICD,Dankuni Goods Yard,SIMULATED_FOIS
GF-7173,FRT-0041,GZB-ALJN,GZB-ALJN-DN,2026-10-07 00:01:00,2026-10-07 01:18:00,0.69,CONTAINER,Tughlakabad ICD,Dankuni Goods Yard,SIMULATED_FOIS
GF-7174,FRT-0042,ANVT-GZB,ANVT-GZB-UP,2026-10-06 05:59:00,2026-10-06 07:28:00,0.61,COAL,Tughlakabad ICD,Dankuni Goods Yard,SIMULATED_FOIS
GF-7175,FRT-0042,TDL-ETW,TDL-ETW-UP,2026-10-06 07:43:00,2026-10-06 08:31:00,0.61,AUTOMOBILES,Tughlakabad ICD,Dankuni Goods Yard,SIMULATED_FOIS
GF-7176,FRT-0042,NDLS-GZB,NDLS-GZB-DN,2026-10-06 08:46:00,2026-10-06 10:11:00,0.61,FERTILIZER,Tughlakabad ICD,Dankuni Goods Yard,SIMULATED_FOIS
GF-7177,FRT-0047,GZB-ALJN,GZB-ALJN-DN,2026-10-06 19:04:00,2026-10-06 19:53:00,0.77,COAL,Tughlakabad ICD,Dankuni Goods Yard,SIMULATED_FOIS
GF-7178,FRT-0047,CNB-PRYJ,CNB-PRYJ-DN,2026-10-06 20:08:00,2026-10-06 20:59:00,0.77,COAL,Tughlakabad ICD,Dankuni Goods Yard,SIMULATED_FOIS
GF-7179,FRT-0054,GZB-ALJN,GZB-ALJN-UP,2026-10-06 13:22:00,2026-10-06 14:44:00,0.5,COAL,Tughlakabad ICD,Dankuni Goods Yard,SIMULATED_FOIS
GF-7180,FRT-0054,CNB-PRYJ,CNB-PRYJ-UP,2026-10-06 14:59:00,2026-10-06 15:44:00,0.5,FERTILIZER,Tughlakabad ICD,Dankuni Goods Yard,SIMULATED_FOIS
GF-7181,FRT-0054,ETW-CNB,ETW-CNB-DN,2026-10-06 15:59:00,2026-10-06 17:07:00,0.5,AUTOMOBILES,Tughlakabad ICD,Dankuni Goods Yard,SIMULATED_FOIS
GF-7182,FRT-0054,TDL-ETW,TDL-ETW-DN,2026-10-06 17:22:00,2026-10-06 18:28:00,0.5,COAL,Tughlakabad ICD,Dankuni Goods Yard,SIMULATED_FOIS
GF-7183,FRT-0080,ANVT-GZB,ANVT-GZB-DN,2026-10-06 18:10:00,2026-10-06 19:07:00,0.56,EMPTY_RAKE,Tughlakabad ICD,Dankuni Goods Yard,SIMULATED_FOIS
GF-7184,FRT-0080,CNB-PRYJ,CNB-PRYJ-DN,2026-10-06 19:22:00,2026-10-06 20:46:00,0.56,EMPTY_RAKE,Tughlakabad ICD,Dankuni Goods Yard,SIMULATED_FOIS
GF-7185,FRT-0090,ETW-CNB,ETW-CNB-DN,2026-10-06 16:43:00,2026-10-06 17:35:00,0.91,CONTAINER,Tughlakabad ICD,Dankuni Goods Yard,SIMULATED_FOIS
GF-7186,FRT-0090,TDL-ETW,TDL-ETW-UP,2026-10-06 17:50:00,2026-10-06 19:05:00,0.91,FERTILIZER,Tughlakabad ICD,Dankuni Goods Yard,SIMULATED_FOIS
GF-7187,FRT-0090,NDLS-GZB,NDLS-GZB-DN,2026-10-06 19:20:00,2026-10-06 20:13:00,0.91,EMPTY_RAKE,Tughlakabad ICD,Dankuni Goods Yard,SIMULATED_FOIS
GF-7188,FRT-0090,ALJN-TDL,ALJN-TDL-DN,2026-10-06 20:28:00,2026-10-06 21:46:00,0.91,FERTILIZER,Tughlakabad ICD,Dankuni Goods Yard,SIMULATED_FOIS
GF-7189,FRT-0095,ETW-CNB,ETW-CNB-UP,2026-10-06 01:58:00,2026-10-06 02:50:00,0.82,COAL,Tughlakabad ICD,Dankuni Goods Yard,SIMULATED_FOIS
GF-7190,FRT-0095,GZB-ALJN,GZB-ALJN-UP,2026-10-06 03:05:00,2026-10-06 04:34:00,0.82,COAL,Tughlakabad ICD,Dankuni Goods Yard,SIMULATED_FOIS
GF-7191,FRT-0005,ANVT-GZB,ANVT-GZB-UP,2026-10-07 15:30:00,2026-10-07 16:22:00,0.8,AUTOMOBILES,Tughlakabad ICD,Dankuni Goods Yard,SIMULATED_FOIS
GF-7192,FRT-0005,NDLS-GZB,NDLS-GZB-UP,2026-10-07 16:37:00,2026-10-07 17:49:00,0.8,CONTAINER,Tughlakabad ICD,Dankuni Goods Yard,SIMULATED_FOIS
GF-7193,FRT-0008,CNB-PRYJ,CNB-PRYJ-UP,2026-10-07 18:31:00,2026-10-07 19:46:00,0.75,FERTILIZER,Tughlakabad ICD,Dankuni Goods Yard,SIMULATED_FOIS
GF-7194,FRT-0008,ETW-CNB,ETW-CNB-UP,2026-10-07 20:01:00,2026-10-07 20:48:00,0.75,CONTAINER,Tughlakabad ICD,Dankuni Goods Yard,SIMULATED_FOIS
GF-7195,FRT-0035,CNB-PRYJ,CNB-PRYJ-UP,2026-10-07 21:32:00,2026-10-07 22:29:00,0.55,FERTILIZER,Tughlakabad ICD,Dankuni Goods Yard,SIMULATED_FOIS
GF-7196,FRT-0035,NDLS-GZB,NDLS-GZB-UP,2026-10-07 22:44:00,2026-10-07 23:30:00,0.55,FERTILIZER,Tughlakabad ICD,Dankuni Goods Yard,SIMULATED_FOIS
GF-7197,FRT-0040,GZB-ALJN,GZB-ALJN-DN,2026-10-07 18:14:00,2026-10-07 19:05:00,0.74,CONTAINER,Tughlakabad ICD,Dankuni Goods Yard,SIMULATED_FOIS
GF-7198,FRT-0040,CNB-PRYJ,CNB-PRYJ-UP,2026-10-07 19:20:00,2026-10-07 20:38:00,0.74,COAL,Tughlakabad ICD,Dankuni Goods Yard,SIMULATED_FOIS
GF-7199,FRT-0040,ANVT-GZB,ANVT-GZB-UP,2026-10-07 20:53:00,2026-10-07 21:56:00,0.74,EMPTY_RAKE,Tughlakabad ICD,Dankuni Goods Yard,SIMULATED_FOIS
GF-7200,FRT-0040,TDL-ETW,TDL-ETW-DN,2026-10-07 22:11:00,2026-10-07 22:56:00,0.74,CONTAINER,Tughlakabad ICD,Dankuni Goods Yard,SIMULATED_FOIS
GF-7201,FRT-0041,TDL-ETW,TDL-ETW-UP,2026-10-07 17:12:00,2026-10-07 18:34:00,0.63,CONTAINER,Tughlakabad ICD,Dankuni Goods Yard,SIMULATED_FOIS
GF-7202,FRT-0041,ETW-CNB,ETW-CNB-DN,2026-10-07 18:49:00,2026-10-07 19:45:00,0.63,AUTOMOBILES,Tughlakabad ICD,Dankuni Goods Yard,SIMULATED_FOIS
GF-7203,FRT-0042,ANVT-GZB,ANVT-GZB-UP,2026-10-07 14:54:00,2026-10-07 15:59:00,0.51,CONTAINER,Tughlakabad ICD,Dankuni Goods Yard,SIMULATED_FOIS
GF-7204,FRT-0042,TDL-ETW,TDL-ETW-UP,2026-10-07 16:14:00,2026-10-07 17:32:00,0.51,FERTILIZER,Tughlakabad ICD,Dankuni Goods Yard,SIMULATED_FOIS
GF-7205,FRT-0042,CNB-PRYJ,CNB-PRYJ-UP,2026-10-07 17:47:00,2026-10-07 19:17:00,0.51,CONTAINER,Tughlakabad ICD,Dankuni Goods Yard,SIMULATED_FOIS
GF-7206,FRT-0047,GZB-ALJN,GZB-ALJN-DN,2026-10-07 04:56:00,2026-10-07 06:10:00,0.64,FERTILIZER,Tughlakabad ICD,Dankuni Goods Yard,SIMULATED_FOIS
GF-7207,FRT-0047,ALJN-TDL,ALJN-TDL-DN,2026-10-07 06:25:00,2026-10-07 07:53:00,0.64,AUTOMOBILES,Tughlakabad ICD,Dankuni Goods Yard,SIMULATED_FOIS
GF-7208,FRT-0054,TDL-ETW,TDL-ETW-UP,2026-10-07 10:55:00,2026-10-07 12:07:00,0.94,CONTAINER,Tughlakabad ICD,Dankuni Goods Yard,SIMULATED_FOIS
GF-7209,FRT-0054,ALJN-TDL,ALJN-TDL-DN,2026-10-07 12:22:00,2026-10-07 13:37:00,0.94,FERTILIZER,Tughlakabad ICD,Dankuni Goods Yard,SIMULATED_FOIS
GF-7210,FRT-0080,NDLS-GZB,NDLS-GZB-UP,2026-10-07 17:46:00,2026-10-07 18:56:00,0.79,CONTAINER,Tughlakabad ICD,Dankuni Goods Yard,SIMULATED_FOIS
GF-7211,FRT-0080,ETW-CNB,ETW-CNB-UP,2026-10-07 19:11:00,2026-10-07 20:03:00,0.79,AUTOMOBILES,Tughlakabad ICD,Dankuni Goods Yard,SIMULATED_FOIS
GF-7212,FRT-0090,TDL-ETW,TDL-ETW-UP,2026-10-07 13:24:00,2026-10-07 14:30:00,0.94,AUTOMOBILES,Tughlakabad ICD,Dankuni Goods Yard,SIMULATED_FOIS
GF-7213,FRT-0090,NDLS-GZB,NDLS-GZB-UP,2026-10-07 14:45:00,2026-10-07 15:37:00,0.94,AUTOMOBILES,Tughlakabad ICD,Dankuni Goods Yard,SIMULATED_FOIS
GF-7214,FRT-0090,ANVT-GZB,ANVT-GZB-UP,2026-10-07 15:52:00,2026-10-07 17:08:00,0.94,EMPTY_RAKE,Tughlakabad ICD,Dankuni Goods Yard,SIMULATED_FOIS
GF-7215,FRT-0090,ETW-CNB,ETW-CNB-UP,2026-10-07 17:23:00,2026-10-07 18:45:00,0.94,AUTOMOBILES,Tughlakabad ICD,Dankuni Goods Yard,SIMULATED_FOIS
GF-7216,FRT-0095,ALJN-TDL,ALJN-TDL-UP,2026-10-07 14:48:00,2026-10-07 16:05:00,0.94,AUTOMOBILES,Tughlakabad ICD,Dankuni Goods Yard,SIMULATED_FOIS
GF-7217,FRT-0095,ETW-CNB,ETW-CNB-UP,2026-10-07 16:20:00,2026-10-07 17:11:00,0.94,AUTOMOBILES,Tughlakabad ICD,Dankuni Goods Yard,SIMULATED_FOIS
GF-7218,FRT-0095,TDL-ETW,TDL-ETW-UP,2026-10-07 17:26:00,2026-10-07 18:42:00,0.94,COAL,Tughlakabad ICD,Dankuni Goods Yard,SIMULATED_FOIS
