inspection_id,asset_id,date,day_index,inspection_type,measured_health,detected_flaws
INSP-600001,AST-TRK-1025,2026-03-25,5,USFD_ULTRASONIC,97.2,0
INSP-600002,AST-TRK-1120,2026-03-25,5,USFD_ULTRASONIC,90.3,0
INSP-600003,AST-SIG-1018,2026-03-26,6,POINT_GEAR_TEST,96.5,0
INSP-600004,AST-SIG-1022,2026-03-28,8,POINT_GEAR_TEST,99.2,0
INSP-600005,AST-TRK-1042,2026-03-28,8,USFD_ULTRASONIC,95.0,0
INSP-600006,AST-TRK-1049,2026-03-28,8,USFD_ULTRASONIC,90.7,0
INSP-600007,AST-TRK-1071,2026-03-28,8,USFD_ULTRASONIC,87.8,0
INSP-600008,AST-TRK-1136,2026-03-28,8,USFD_ULTRASONIC,93.7,0
INSP-600009,AST-TRK-1168,2026-03-28,8,USFD_ULTRASONIC,98.0,0
INSP-600010,AST-TRK-1006,2026-03-29,9,USFD_ULTRASONIC,97.1,0
INSP-600011,AST-TRK-1035,2026-03-29,9,USFD_ULTRASONIC,92.8,0
INSP-600012,AST-TRK-1045,2026-03-29,9,USFD_ULTRASONIC,91.7,0
INSP-600013,AST-TRK-1103,2026-03-29,9,USFD_ULTRASONIC,97.0,0
INSP-600014,AST-SIG-1112,2026-03-29,9,POINT_GEAR_TEST,89.3,0
INSP-600015,AST-TRK-1122,2026-03-29,9,USFD_ULTRASONIC,92.1,0
INSP-600016,AST-TRK-1145,2026-03-29,9,USFD_ULTRASONIC,87.1,0
INSP-600017,AST-OHE-1174,2026-03-29,9,TOWER_WAGON,96.3,0
INSP-600018,AST-TRK-1046,2026-03-30,10,USFD_ULTRASONIC,98.7,0
INSP-600019,AST-TRK-1077,2026-03-30,10,USFD_ULTRASONIC,88.8,0
INSP-600020,AST-TRK-1090,2026-03-30,10,USFD_ULTRASONIC,91.8,0
INSP-600021,AST-TRK-1115,2026-03-30,10,USFD_ULTRASONIC,95.8,0
INSP-600022,AST-TRK-1137,2026-03-30,10,USFD_ULTRASONIC,94.7,0
INSP-600023,AST-TRK-1048,2026-03-31,11,USFD_ULTRASONIC,89.7,0
INSP-600024,AST-OHE-1086,2026-03-31,11,TOWER_WAGON,92.5,0
INSP-600025,AST-TRK-1109,2026-03-31,11,USFD_ULTRASONIC,89.3,0
INSP-600026,AST-TRK-1121,2026-03-31,11,USFD_ULTRASONIC,91.3,0
INSP-600027,AST-TRK-1148,2026-03-31,11,USFD_ULTRASONIC,94.5,0
INSP-600028,AST-TRK-1016,2026-04-01,12,USFD_ULTRASONIC,96.3,0
INSP-600029,AST-PNT-1023,2026-04-01,12,POINT_GEAR_TEST,90.6,0
INSP-600030,AST-PNT-1027,2026-04-01,12,POINT_GEAR_TEST,92.7,0
INSP-600031,AST-TRK-1031,2026-04-01,12,USFD_ULTRASONIC,90.3,0
INSP-600032,AST-TRK-1032,2026-04-01,12,USFD_ULTRASONIC,90.5,0
INSP-600033,AST-TRK-1047,2026-04-01,12,USFD_ULTRASONIC,94.9,0
INSP-600034,AST-TRK-1106,2026-04-01,12,USFD_ULTRASONIC,92.1,0
INSP-600035,AST-TRK-1140,2026-04-01,12,USFD_ULTRASONIC,93.7,0
INSP-600036,AST-TRK-1141,2026-04-01,12,USFD_ULTRASONIC,89.6,0
INSP-600037,AST-PNT-1151,2026-04-01,12,POINT_GEAR_TEST,91.3,0
INSP-600038,AST-TRK-1069,2026-04-02,13,USFD_ULTRASONIC,94.7,0
INSP-600039,AST-TRK-1078,2026-04-02,13,USFD_ULTRASONIC,92.7,0
INSP-600040,AST-TRK-1091,2026-04-02,13,USFD_ULTRASONIC,95.9,0
INSP-600041,AST-TRK-1102,2026-04-02,13,USFD_ULTRASONIC,95.6,0
INSP-600042,AST-TRK-1108,2026-04-02,13,USFD_ULTRASONIC,92.0,0
INSP-600043,AST-TRK-1126,2026-04-02,13,USFD_ULTRASONIC,92.6,0
INSP-600044,AST-OHE-1130,2026-04-02,13,TOWER_WAGON,98.5,0
INSP-600045,AST-OHE-1152,2026-04-02,13,TOWER_WAGON,94.9,0
INSP-600046,AST-TRK-1169,2026-04-02,13,USFD_ULTRASONIC,90.7,0
INSP-600047,AST-TRK-1001,2026-04-03,14,USFD_ULTRASONIC,93.7,0
INSP-600048,AST-TRK-1051,2026-04-03,14,USFD_ULTRASONIC,92.4,0
INSP-600049,AST-PNT-1073,2026-04-03,14,POINT_GEAR_TEST,93.7,0
INSP-600050,AST-TRK-1081,2026-04-03,14,USFD_ULTRASONIC,87.5,0
INSP-600051,AST-TRK-1107,2026-04-03,14,USFD_ULTRASONIC,94.7,0
INSP-600052,AST-TRK-1111,2026-04-03,14,USFD_ULTRASONIC,97.2,0
INSP-600053,AST-TRK-1127,2026-04-03,14,USFD_ULTRASONIC,93.2,0
INSP-600054,AST-SIG-1128,2026-04-03,14,POINT_GEAR_TEST,95.9,0
INSP-600055,AST-TRK-1143,2026-04-03,14,USFD_ULTRASONIC,95.6,0
INSP-600056,AST-TRK-1171,2026-04-03,14,USFD_ULTRASONIC,95.6,0
INSP-600057,AST-SIG-1008,2026-04-04,15,POINT_GEAR_TEST,96.8,0
INSP-600058,AST-TRK-1029,2026-04-04,15,USFD_ULTRASONIC,88.4,0
INSP-600059,AST-TRK-1038,2026-04-04,15,USFD_ULTRASONIC,92.3,0
INSP-600060,AST-TRK-1043,2026-04-04,15,USFD_ULTRASONIC,90.6,0
INSP-600061,AST-TRK-1070,2026-04-04,15,USFD_ULTRASONIC,94.2,0
INSP-600062,AST-TRK-1089,2026-04-04,15,USFD_ULTRASONIC,91.0,0
INSP-600063,AST-OHE-1098,2026-04-04,15,TOWER_WAGON,91.2,0
INSP-600064,AST-PNT-1113,2026-04-04,15,POINT_GEAR_TEST,90.5,0
INSP-600065,AST-TRK-1117,2026-04-04,15,USFD_ULTRASONIC,91.6,0
INSP-600066,AST-TRK-1139,2026-04-04,15,USFD_ULTRASONIC,91.5,0
INSP-600067,AST-SIG-1003,2026-04-05,16,POINT_GEAR_TEST,92.8,0
INSP-600068,AST-TRK-1082,2026-04-05,16,USFD_ULTRASONIC,94.2,0
INSP-600069,AST-TRK-1100,2026-04-05,16,USFD_ULTRASONIC,98.1,0
INSP-600070,AST-TRK-1159,2026-04-05,16,USFD_ULTRASONIC,86.8,0
INSP-600071,AST-PNT-1173,2026-04-05,16,POINT_GEAR_TEST,96.6,0
INSP-600072,AST-TRK-1002,2026-04-06,17,USFD_ULTRASONIC,89.9,0
INSP-600073,AST-PNT-1009,2026-04-06,17,POINT_GEAR_TEST,90.0,0
INSP-600074,AST-SIG-1013,2026-04-06,17,POINT_GEAR_TEST,93.2,0
INSP-600075,AST-OHE-1041,2026-04-06,17,TOWER_WAGON,97.8,0
INSP-600076,AST-TRK-1044,2026-04-06,17,USFD_ULTRASONIC,93.3,0
INSP-600077,AST-PNT-1063,2026-04-06,17,POINT_GEAR_TEST,91.7,0
INSP-600078,AST-SIG-1072,2026-04-06,17,POINT_GEAR_TEST,97.1,0
INSP-600079,AST-TRK-1132,2026-04-06,17,USFD_ULTRASONIC,89.7,0
INSP-600080,AST-TRK-1134,2026-04-06,17,USFD_ULTRASONIC,86.3,0
INSP-600081,AST-TRK-1142,2026-04-06,17,USFD_ULTRASONIC,95.1,0
INSP-600082,AST-SIG-1172,2026-04-06,17,POINT_GEAR_TEST,95.8,0
INSP-600083,AST-PNT-1053,2026-04-07,18,POINT_GEAR_TEST,86.8,0
INSP-600084,AST-TRK-1060,2026-04-07,18,USFD_ULTRASONIC,92.2,0
INSP-600085,AST-TRK-1061,2026-04-07,18,USFD_ULTRASONIC,92.8,0
INSP-600086,AST-TRK-1083,2026-04-07,18,USFD_ULTRASONIC,92.4,0
INSP-600087,AST-TRK-1101,2026-04-07,18,USFD_ULTRASONIC,95.2,0
INSP-600088,AST-TRK-1104,2026-04-07,18,USFD_ULTRASONIC,93.5,0
INSP-600089,AST-TRK-1056,2026-04-08,19,USFD_ULTRASONIC,89.2,0
INSP-600090,AST-TRK-1066,2026-04-08,19,USFD_ULTRASONIC,90.0,0
INSP-600091,AST-TRK-1076,2026-04-08,19,USFD_ULTRASONIC,94.2,0
INSP-600092,AST-TRK-1125,2026-04-08,19,USFD_ULTRASONIC,94.8,0
INSP-600093,AST-OHE-1005,2026-04-09,20,TOWER_WAGON,85.6,0
INSP-600094,AST-SIG-1026,2026-04-09,20,POINT_GEAR_TEST,91.2,0
INSP-600095,AST-TRK-1095,2026-04-09,20,USFD_ULTRASONIC,90.9,0
INSP-600096,AST-SIG-1096,2026-04-09,20,POINT_GEAR_TEST,93.5,0
INSP-600097,AST-PNT-1097,2026-04-09,20,POINT_GEAR_TEST,89.9,0
INSP-600098,AST-TRK-1133,2026-04-09,20,USFD_ULTRASONIC,91.9,0
INSP-600099,AST-TRK-1144,2026-04-09,20,USFD_ULTRASONIC,88.0,0
INSP-600100,AST-TRK-1149,2026-04-09,20,USFD_ULTRASONIC,90.6,0
INSP-600101,AST-TRK-1154,2026-04-09,20,USFD_ULTRASONIC,89.7,0
INSP-600102,AST-PNT-1040,2026-04-10,21,POINT_GEAR_TEST,89.3,0
INSP-600103,AST-TRK-1075,2026-04-10,21,USFD_ULTRASONIC,86.0,0
INSP-600104,AST-TRK-1116,2026-04-10,21,USFD_ULTRASONIC,94.5,0
INSP-600105,AST-PNT-1129,2026-04-10,21,POINT_GEAR_TEST,93.6,0
INSP-600106,AST-TRK-1156,2026-04-10,21,USFD_ULTRASONIC,86.4,0
INSP-600107,AST-TRK-1161,2026-04-10,21,USFD_ULTRASONIC,90.9,0
INSP-600108,AST-TRK-1163,2026-04-10,21,USFD_ULTRASONIC,92.9,0
INSP-600109,AST-PNT-1004,2026-04-11,22,POINT_GEAR_TEST,97.0,0
INSP-600110,AST-PNT-1014,2026-04-11,22,POINT_GEAR_TEST,86.3,0
INSP-600111,AST-OHE-1015,2026-04-11,22,TOWER_WAGON,87.6,0
INSP-600112,AST-TRK-1030,2026-04-11,22,USFD_ULTRASONIC,88.5,0
INSP-600113,AST-TRK-1033,2026-04-11,22,USFD_ULTRASONIC,95.0,0
INSP-600114,AST-TRK-1037,2026-04-11,22,USFD_ULTRASONIC,92.6,0
INSP-600115,AST-OHE-1114,2026-04-11,22,TOWER_WAGON,86.1,0
INSP-600116,AST-TRK-1135,2026-04-11,22,USFD_ULTRASONIC,93.0,0
INSP-600117,AST-TRK-1138,2026-04-11,22,USFD_ULTRASONIC,89.0,0
INSP-600118,AST-TRK-1147,2026-04-11,22,USFD_ULTRASONIC,90.8,0
INSP-600119,AST-TRK-1160,2026-04-11,22,USFD_ULTRASONIC,91.6,0
INSP-600120,AST-TRK-1162,2026-04-11,22,USFD_ULTRASONIC,94.7,0
INSP-600121,AST-TRK-1012,2026-04-12,23,USFD_ULTRASONIC,90.1,0
INSP-600122,AST-TRK-1021,2026-04-12,23,USFD_ULTRASONIC,93.4,0
INSP-600123,AST-TRK-1050,2026-04-12,23,USFD_ULTRASONIC,97.0,0
INSP-600124,AST-SIG-1052,2026-04-12,23,POINT_GEAR_TEST,94.8,0
INSP-600125,AST-TRK-1058,2026-04-12,23,USFD_ULTRASONIC,90.7,0
INSP-600126,AST-SIG-1062,2026-04-12,23,POINT_GEAR_TEST,91.1,0
INSP-600127,AST-TRK-1067,2026-04-12,23,USFD_ULTRASONIC,94.4,0
INSP-600128,AST-TRK-1080,2026-04-12,23,USFD_ULTRASONIC,88.8,0
INSP-600129,AST-TRK-1087,2026-04-12,23,USFD_ULTRASONIC,95.4,0
INSP-600130,AST-TRK-1110,2026-04-12,23,USFD_ULTRASONIC,88.0,0
INSP-600131,AST-TRK-1153,2026-04-12,23,USFD_ULTRASONIC,94.3,0
INSP-600132,AST-TRK-1007,2026-04-13,24,USFD_ULTRASONIC,93.0,0
INSP-600133,AST-TRK-1034,2026-04-13,24,USFD_ULTRASONIC,88.9,0
INSP-600134,AST-TRK-1036,2026-04-13,24,USFD_ULTRASONIC,86.5,0
INSP-600135,AST-TRK-1055,2026-04-13,24,USFD_ULTRASONIC,94.9,0
INSP-600136,AST-TRK-1092,2026-04-13,24,USFD_ULTRASONIC,92.7,0
INSP-600137,AST-TRK-1131,2026-04-13,24,USFD_ULTRASONIC,93.1,0
INSP-600138,AST-TRK-1167,2026-04-13,24,USFD_ULTRASONIC,91.9,0
INSP-600139,AST-TRK-1011,2026-04-14,25,USFD_ULTRASONIC,93.2,0
INSP-600140,AST-PNT-1019,2026-04-14,25,POINT_GEAR_TEST,92.2,0
INSP-600141,AST-SIG-1039,2026-04-14,25,POINT_GEAR_TEST,94.4,0
INSP-600142,AST-TRK-1057,2026-04-14,25,USFD_ULTRASONIC,87.9,0
INSP-600143,AST-TRK-1065,2026-04-14,25,USFD_ULTRASONIC,91.1,0
INSP-600144,AST-TRK-1068,2026-04-14,25,USFD_ULTRASONIC,89.6,0
INSP-600145,AST-SIG-1084,2026-04-14,25,POINT_GEAR_TEST,101.0,0
INSP-600146,AST-TRK-1118,2026-04-14,25,USFD_ULTRASONIC,87.8,0
INSP-600147,AST-TRK-1146,2026-04-14,25,USFD_ULTRASONIC,91.7,0
INSP-600148,AST-TRK-1158,2026-04-14,25,USFD_ULTRASONIC,89.8,0
INSP-600149,AST-TRK-1166,2026-04-14,25,USFD_ULTRASONIC,87.7,0
INSP-600150,AST-OHE-1010,2026-04-15,26,TOWER_WAGON,93.7,0
INSP-600151,AST-TRK-1094,2026-04-15,26,USFD_ULTRASONIC,91.4,0
INSP-600152,AST-TRK-1099,2026-04-15,26,USFD_ULTRASONIC,91.8,0
INSP-600153,AST-TRK-1123,2026-04-15,26,USFD_ULTRASONIC,96.2,0
INSP-600154,AST-TRK-1059,2026-04-16,27,USFD_ULTRASONIC,93.9,0
INSP-600155,AST-OHE-1074,2026-04-16,27,TOWER_WAGON,85.3,0
INSP-600156,AST-TRK-1093,2026-04-16,27,USFD_ULTRASONIC,93.7,0
INSP-600157,AST-TRK-1119,2026-04-16,27,USFD_ULTRASONIC,93.5,0
INSP-600158,AST-TRK-1124,2026-04-16,27,USFD_ULTRASONIC,93.1,0
INSP-600159,AST-TRK-1155,2026-04-16,27,USFD_ULTRASONIC,97.8,0
INSP-600160,AST-OHE-1054,2026-04-17,28,TOWER_WAGON,92.9,0
INSP-600161,AST-TRK-1079,2026-04-17,28,USFD_ULTRASONIC,95.8,0
INSP-600162,AST-TRK-1105,2026-04-17,28,USFD_ULTRASONIC,96.4,0
INSP-600163,AST-TRK-1157,2026-04-17,28,USFD_ULTRASONIC,91.0,0
INSP-600164,AST-TRK-1164,2026-04-17,28,USFD_ULTRASONIC,91.0,0
INSP-600165,AST-OHE-1064,2026-04-18,29,TOWER_WAGON,95.1,0
INSP-600166,AST-TRK-1088,2026-04-18,29,USFD_ULTRASONIC,85.9,0
INSP-600167,AST-TRK-1165,2026-04-18,29,USFD_ULTRASONIC,90.6,0
INSP-600168,AST-TRK-1170,2026-04-18,29,USFD_ULTRASONIC,89.7,0
INSP-600169,AST-PNT-1085,2026-04-19,30,POINT_GEAR_TEST,95.9,0
INSP-600170,AST-SIG-1150,2026-04-19,30,POINT_GEAR_TEST,90.3,0
INSP-600171,AST-OHE-1024,2026-04-20,31,TOWER_WAGON,90.8,0
INSP-600172,AST-OHE-1028,2026-04-20,31,TOWER_WAGON,87.7,0
INSP-600173,AST-TRK-1120,2026-04-20,31,USFD_ULTRASONIC,85.1,0
INSP-600174,AST-OHE-1020,2026-04-21,32,TOWER_WAGON,94.8,0
INSP-600175,AST-TRK-1017,2026-04-23,34,USFD_ULTRASONIC,93.9,0
INSP-600176,AST-TRK-1049,2026-04-24,35,USFD_ULTRASONIC,86.3,0
INSP-600177,AST-TRK-1071,2026-04-24,35,USFD_ULTRASONIC,95.8,0
INSP-600178,AST-TRK-1115,2026-04-24,35,USFD_ULTRASONIC,93.5,0
INSP-600179,AST-TRK-1168,2026-04-24,35,USFD_ULTRASONIC,94.5,0
INSP-600180,AST-TRK-1077,2026-04-25,36,USFD_ULTRASONIC,95.4,0
INSP-600181,AST-TRK-1145,2026-04-25,36,USFD_ULTRASONIC,85.7,0
INSP-600182,AST-OHE-1174,2026-04-25,36,TOWER_WAGON,96.7,0
INSP-600183,AST-TRK-1032,2026-04-27,38,USFD_ULTRASONIC,96.2,0
INSP-600184,AST-TRK-1045,2026-04-27,38,USFD_ULTRASONIC,87.6,0
INSP-600185,AST-TRK-1148,2026-04-27,38,USFD_ULTRASONIC,91.0,0
INSP-600186,AST-TRK-1169,2026-04-27,38,USFD_ULTRASONIC,96.1,0
INSP-600187,AST-SIG-1018,2026-04-28,39,POINT_GEAR_TEST,95.0,0
INSP-600188,AST-TRK-1025,2026-04-28,39,USFD_ULTRASONIC,95.2,0
INSP-600189,AST-TRK-1069,2026-04-28,39,USFD_ULTRASONIC,98.0,0
INSP-600190,AST-PNT-1073,2026-04-28,39,POINT_GEAR_TEST,86.7,0
INSP-600191,AST-OHE-1086,2026-04-28,39,TOWER_WAGON,95.4,0
INSP-600192,AST-TRK-1090,2026-04-28,39,USFD_ULTRASONIC,87.2,0
INSP-600193,AST-TRK-1107,2026-04-28,39,USFD_ULTRASONIC,93.2,0
INSP-600194,AST-TRK-1121,2026-04-28,39,USFD_ULTRASONIC,86.0,0
INSP-600195,AST-TRK-1137,2026-04-28,39,USFD_ULTRASONIC,93.2,0
INSP-600196,AST-OHE-1152,2026-04-28,39,TOWER_WAGON,91.6,0
INSP-600197,AST-SIG-1022,2026-04-29,40,POINT_GEAR_TEST,97.3,0
INSP-600198,AST-PNT-1023,2026-04-29,40,POINT_GEAR_TEST,93.8,0
INSP-600199,AST-TRK-1035,2026-04-29,40,USFD_ULTRASONIC,94.6,0
INSP-600200,AST-TRK-1042,2026-04-29,40,USFD_ULTRASONIC,96.8,0
INSP-600201,AST-TRK-1109,2026-04-29,40,USFD_ULTRASONIC,95.9,0
INSP-600202,AST-TRK-1136,2026-04-29,40,USFD_ULTRASONIC,95.9,0
INSP-600203,AST-PNT-1151,2026-04-29,40,POINT_GEAR_TEST,87.8,0
INSP-600204,AST-TRK-1006,2026-04-30,41,USFD_ULTRASONIC,93.2,0
INSP-600205,AST-TRK-1047,2026-04-30,41,USFD_ULTRASONIC,95.3,0
INSP-600206,AST-TRK-1048,2026-04-30,41,USFD_ULTRASONIC,94.9,0
INSP-600207,AST-TRK-1108,2026-04-30,41,USFD_ULTRASONIC,90.5,0
INSP-600208,AST-TRK-1111,2026-04-30,41,USFD_ULTRASONIC,94.9,0
INSP-600209,AST-TRK-1140,2026-04-30,41,USFD_ULTRASONIC,95.9,0
INSP-600210,AST-TRK-1038,2026-05-01,42,USFD_ULTRASONIC,93.5,0
INSP-600211,AST-TRK-1081,2026-05-01,42,USFD_ULTRASONIC,94.8,0
INSP-600212,AST-TRK-1103,2026-05-01,42,USFD_ULTRASONIC,95.4,0
INSP-600213,AST-TRK-1106,2026-05-01,42,USFD_ULTRASONIC,96.8,0
INSP-600214,AST-TRK-1117,2026-05-01,42,USFD_ULTRASONIC,94.5,0
INSP-600215,AST-TRK-1122,2026-05-01,42,USFD_ULTRASONIC,95.9,0
INSP-600216,AST-TRK-1126,2026-05-01,42,USFD_ULTRASONIC,91.3,0
INSP-600217,AST-OHE-1130,2026-05-01,42,TOWER_WAGON,92.8,0
INSP-600218,AST-TRK-1141,2026-05-01,42,USFD_ULTRASONIC,95.4,0
INSP-600219,AST-TRK-1002,2026-05-02,43,USFD_ULTRASONIC,90.0,0
INSP-600220,AST-SIG-1008,2026-05-02,43,POINT_GEAR_TEST,95.6,0
INSP-600221,AST-TRK-1016,2026-05-02,43,USFD_ULTRASONIC,95.3,0
INSP-600222,AST-TRK-1029,2026-05-02,43,USFD_ULTRASONIC,94.6,0
INSP-600223,AST-TRK-1051,2026-05-02,43,USFD_ULTRASONIC,93.8,0
INSP-600224,AST-TRK-1089,2026-05-02,43,USFD_ULTRASONIC,89.0,0
INSP-600225,AST-PNT-1027,2026-05-03,44,POINT_GEAR_TEST,98.0,0
INSP-600226,AST-TRK-1043,2026-05-03,44,USFD_ULTRASONIC,85.6,0
INSP-600227,AST-TRK-1101,2026-05-03,44,USFD_ULTRASONIC,94.7,0
INSP-600228,AST-TRK-1102,2026-05-03,44,USFD_ULTRASONIC,91.2,0
INSP-600229,AST-TRK-1104,2026-05-03,44,USFD_ULTRASONIC,92.0,0
INSP-600230,AST-TRK-1001,2026-05-04,45,USFD_ULTRASONIC,89.6,0
INSP-600231,AST-SIG-1026,2026-05-04,45,POINT_GEAR_TEST,91.2,0
INSP-600232,AST-TRK-1046,2026-05-04,45,USFD_ULTRASONIC,96.3,0
INSP-600233,AST-TRK-1061,2026-05-04,45,USFD_ULTRASONIC,96.2,0
INSP-600234,AST-OHE-1098,2026-05-04,45,TOWER_WAGON,95.1,0
INSP-600235,AST-PNT-1113,2026-05-04,45,POINT_GEAR_TEST,95.8,0
INSP-600236,AST-TRK-1134,2026-05-04,45,USFD_ULTRASONIC,92.1,0
INSP-600237,AST-TRK-1075,2026-05-05,46,USFD_ULTRASONIC,91.9,0
INSP-600238,AST-TRK-1091,2026-05-05,46,USFD_ULTRASONIC,93.8,0
INSP-600239,AST-PNT-1097,2026-05-05,46,POINT_GEAR_TEST,96.9,0
INSP-600240,AST-SIG-1112,2026-05-05,46,POINT_GEAR_TEST,91.2,0
INSP-600241,AST-TRK-1127,2026-05-05,46,USFD_ULTRASONIC,97.5,0
INSP-600242,AST-SIG-1128,2026-05-05,46,POINT_GEAR_TEST,92.8,0
INSP-600243,AST-TRK-1139,2026-05-05,46,USFD_ULTRASONIC,87.0,0
INSP-600244,AST-TRK-1142,2026-05-05,46,USFD_ULTRASONIC,97.1,0
INSP-600245,AST-TRK-1031,2026-05-06,47,USFD_ULTRASONIC,92.5,0
INSP-600246,AST-TRK-1044,2026-05-06,47,USFD_ULTRASONIC,95.8,0
INSP-600247,AST-TRK-1070,2026-05-06,47,USFD_ULTRASONIC,89.3,0
INSP-600248,AST-SIG-1072,2026-05-06,47,POINT_GEAR_TEST,96.9,0
INSP-600249,AST-TRK-1078,2026-05-06,47,USFD_ULTRASONIC,88.6,0
INSP-600250,AST-TRK-1083,2026-05-06,47,USFD_ULTRASONIC,91.2,0
INSP-600251,AST-SIG-1096,2026-05-06,47,POINT_GEAR_TEST,92.0,0
INSP-600252,AST-TRK-1125,2026-05-06,47,USFD_ULTRASONIC,94.3,0
INSP-600253,AST-TRK-1132,2026-05-06,47,USFD_ULTRASONIC,92.1,0
INSP-600254,AST-TRK-1138,2026-05-06,47,USFD_ULTRASONIC,93.5,0
INSP-600255,AST-TRK-1143,2026-05-06,47,USFD_ULTRASONIC,96.0,0
INSP-600256,AST-TRK-1159,2026-05-06,47,USFD_ULTRASONIC,93.6,0
INSP-600257,AST-SIG-1062,2026-05-07,48,POINT_GEAR_TEST,89.3,0
INSP-600258,AST-PNT-1063,2026-05-07,48,POINT_GEAR_TEST,86.9,0
INSP-600259,AST-TRK-1160,2026-05-07,48,USFD_ULTRASONIC,96.0,0
INSP-600260,AST-TRK-1171,2026-05-07,48,USFD_ULTRASONIC,94.7,0
INSP-600261,AST-PNT-1173,2026-05-07,48,POINT_GEAR_TEST,94.6,0
INSP-600262,AST-PNT-1004,2026-05-08,49,POINT_GEAR_TEST,93.0,0
INSP-600263,AST-OHE-1005,2026-05-08,49,TOWER_WAGON,89.3,0
INSP-600264,AST-SIG-1013,2026-05-08,49,POINT_GEAR_TEST,91.1,0
INSP-600265,AST-TRK-1095,2026-05-08,49,USFD_ULTRASONIC,94.5,0
INSP-600266,AST-TRK-1110,2026-05-08,49,USFD_ULTRASONIC,91.9,0
INSP-600267,AST-TRK-1154,2026-05-08,49,USFD_ULTRASONIC,92.5,0
INSP-600268,AST-TRK-1162,2026-05-08,49,USFD_ULTRASONIC,93.2,0
INSP-600269,AST-SIG-1003,2026-05-09,50,POINT_GEAR_TEST,90.9,0
INSP-600270,AST-TRK-1034,2026-05-09,50,USFD_ULTRASONIC,95.1,0
INSP-600271,AST-SIG-1052,2026-05-09,50,POINT_GEAR_TEST,94.1,0
INSP-600272,AST-TRK-1066,2026-05-09,50,USFD_ULTRASONIC,92.6,0
INSP-600273,AST-TRK-1067,2026-05-09,50,USFD_ULTRASONIC,94.9,0
INSP-600274,AST-TRK-1147,2026-05-09,50,USFD_ULTRASONIC,86.6,0
INSP-600275,AST-TRK-1161,2026-05-09,50,USFD_ULTRASONIC,93.3,0
INSP-600276,AST-SIG-1172,2026-05-09,50,POINT_GEAR_TEST,95.4,0
INSP-600277,AST-TRK-1012,2026-05-10,51,USFD_ULTRASONIC,85.6,0
INSP-600278,AST-TRK-1036,2026-05-10,51,USFD_ULTRASONIC,91.5,0
INSP-600279,AST-TRK-1050,2026-05-10,51,USFD_ULTRASONIC,92.6,0
INSP-600280,AST-PNT-1053,2026-05-10,51,POINT_GEAR_TEST,96.0,0
INSP-600281,AST-TRK-1057,2026-05-10,51,USFD_ULTRASONIC,94.9,0
INSP-600282,AST-TRK-1060,2026-05-10,51,USFD_ULTRASONIC,93.3,0
INSP-600283,AST-TRK-1082,2026-05-10,51,USFD_ULTRASONIC,94.0,0
INSP-600284,AST-SIG-1084,2026-05-10,51,POINT_GEAR_TEST,100.6,0
INSP-600285,AST-TRK-1087,2026-05-10,51,USFD_ULTRASONIC,95.4,0
INSP-600286,AST-TRK-1156,2026-05-10,51,USFD_ULTRASONIC,92.4,0
INSP-600287,AST-TRK-1007,2026-05-11,52,USFD_ULTRASONIC,92.9,0
INSP-600288,AST-PNT-1009,2026-05-11,52,POINT_GEAR_TEST,93.6,0
INSP-600289,AST-TRK-1011,2026-05-11,52,USFD_ULTRASONIC,97.1,0
INSP-600290,AST-TRK-1033,2026-05-11,52,USFD_ULTRASONIC,95.3,0
INSP-600291,AST-OHE-1041,2026-05-11,52,TOWER_WAGON,94.2,0
INSP-600292,AST-TRK-1056,2026-05-11,52,USFD_ULTRASONIC,94.8,0
INSP-600293,AST-TRK-1080,2026-05-11,52,USFD_ULTRASONIC,93.1,0
INSP-600294,AST-PNT-1129,2026-05-11,52,POINT_GEAR_TEST,94.9,0
INSP-600295,AST-TRK-1133,2026-05-11,52,USFD_ULTRASONIC,93.3,0
INSP-600296,AST-TRK-1021,2026-05-12,53,USFD_ULTRASONIC,94.9,0
INSP-600297,AST-TRK-1030,2026-05-12,53,USFD_ULTRASONIC,94.6,0
INSP-600298,AST-PNT-1040,2026-05-12,53,POINT_GEAR_TEST,91.8,0
INSP-600299,AST-TRK-1055,2026-05-12,53,USFD_ULTRASONIC,96.6,0
INSP-600300,AST-TRK-1058,2026-05-12,53,USFD_ULTRASONIC,93.5,0
INSP-600301,AST-TRK-1068,2026-05-12,53,USFD_ULTRASONIC,95.0,0
INSP-600302,AST-OHE-1074,2026-05-12,53,TOWER_WAGON,92.2,0
INSP-600303,AST-TRK-1076,2026-05-12,53,USFD_ULTRASONIC,95.3,0
INSP-600304,AST-TRK-1099,2026-05-12,53,USFD_ULTRASONIC,94.9,0
INSP-600305,AST-TRK-1131,2026-05-12,53,USFD_ULTRASONIC,91.7,0
INSP-600306,AST-TRK-1149,2026-05-12,53,USFD_ULTRASONIC,94.2,0
INSP-600307,AST-TRK-1155,2026-05-12,53,USFD_ULTRASONIC,94.3,0
INSP-600308,AST-TRK-1163,2026-05-12,53,USFD_ULTRASONIC,94.7,0
INSP-600309,AST-TRK-1164,2026-05-12,53,USFD_ULTRASONIC,88.4,0
INSP-600310,AST-TRK-1037,2026-05-13,54,USFD_ULTRASONIC,93.1,0
INSP-600311,AST-TRK-1059,2026-05-13,54,USFD_ULTRASONIC,96.8,0
INSP-600312,AST-TRK-1092,2026-05-13,54,USFD_ULTRASONIC,94.0,0
INSP-600313,AST-TRK-1100,2026-05-13,54,USFD_ULTRASONIC,94.3,0
INSP-600314,AST-TRK-1116,2026-05-13,54,USFD_ULTRASONIC,92.0,0
INSP-600315,AST-TRK-1118,2026-05-13,54,USFD_ULTRASONIC,93.8,0
INSP-600316,AST-TRK-1135,2026-05-13,54,USFD_ULTRASONIC,93.7,0
INSP-600317,AST-TRK-1146,2026-05-13,54,USFD_ULTRASONIC,92.0,0
INSP-600318,AST-TRK-1167,2026-05-13,54,USFD_ULTRASONIC,90.2,0
INSP-600319,AST-OHE-1015,2026-05-14,55,TOWER_WAGON,90.7,0
INSP-600320,AST-OHE-1114,2026-05-14,55,TOWER_WAGON,92.4,0
INSP-600321,AST-TRK-1153,2026-05-14,55,USFD_ULTRASONIC,92.9,0
INSP-600322,AST-TRK-1157,2026-05-14,55,USFD_ULTRASONIC,94.6,0
INSP-600323,AST-TRK-1119,2026-05-15,56,USFD_ULTRASONIC,95.0,0
INSP-600324,AST-TRK-1124,2026-05-15,56,USFD_ULTRASONIC,95.7,0
INSP-600325,AST-TRK-1144,2026-05-15,56,USFD_ULTRASONIC,89.7,0
INSP-600326,AST-OHE-1024,2026-05-16,57,TOWER_WAGON,94.7,0
INSP-600327,AST-SIG-1039,2026-05-16,57,POINT_GEAR_TEST,92.7,0
INSP-600328,AST-TRK-1065,2026-05-16,57,USFD_ULTRASONIC,94.0,0
INSP-600329,AST-TRK-1165,2026-05-16,57,USFD_ULTRASONIC,94.7,0
INSP-600330,AST-OHE-1010,2026-05-17,58,TOWER_WAGON,91.9,0
INSP-600331,AST-OHE-1028,2026-05-17,58,TOWER_WAGON,91.7,0
INSP-600332,AST-OHE-1054,2026-05-17,58,TOWER_WAGON,93.5,0
INSP-600333,AST-TRK-1166,2026-05-17,58,USFD_ULTRASONIC,91.9,0
INSP-600334,AST-PNT-1019,2026-05-18,59,POINT_GEAR_TEST,93.9,0
INSP-600335,AST-TRK-1079,2026-05-18,59,USFD_ULTRASONIC,93.9,0
INSP-600336,AST-PNT-1085,2026-05-18,59,POINT_GEAR_TEST,92.1,0
INSP-600337,AST-TRK-1094,2026-05-18,59,USFD_ULTRASONIC,93.6,0
INSP-600338,AST-TRK-1105,2026-05-18,59,USFD_ULTRASONIC,95.0,0
INSP-600339,AST-TRK-1123,2026-05-18,59,USFD_ULTRASONIC,96.8,0
INSP-600340,AST-TRK-1158,2026-05-18,59,USFD_ULTRASONIC,93.4,0
INSP-600341,AST-PNT-1014,2026-05-19,60,POINT_GEAR_TEST,94.9,0
INSP-600342,AST-TRK-1017,2026-05-19,60,USFD_ULTRASONIC,90.1,0
INSP-600343,AST-TRK-1088,2026-05-19,60,USFD_ULTRASONIC,92.4,0
INSP-600344,AST-TRK-1093,2026-05-19,60,USFD_ULTRASONIC,94.7,0
INSP-600345,AST-TRK-1115,2026-05-20,61,USFD_ULTRASONIC,94.0,0
INSP-600346,AST-TRK-1120,2026-05-20,61,USFD_ULTRASONIC,94.3,0
INSP-600347,AST-SIG-1150,2026-05-20,61,POINT_GEAR_TEST,89.9,0
INSP-600348,AST-TRK-1170,2026-05-20,61,USFD_ULTRASONIC,92.5,0
INSP-600349,AST-OHE-1064,2026-05-21,62,TOWER_WAGON,93.7,0
INSP-600350,AST-TRK-1045,2026-05-22,63,USFD_ULTRASONIC,92.4,0
INSP-600351,AST-OHE-1020,2026-05-23,64,TOWER_WAGON,93.1,0
INSP-600352,AST-TRK-1071,2026-05-23,64,USFD_ULTRASONIC,91.9,0
INSP-600353,AST-TRK-1077,2026-05-23,64,USFD_ULTRASONIC,91.1,0
INSP-600354,AST-TRK-1145,2026-05-24,65,USFD_ULTRASONIC,90.4,0
INSP-600355,AST-TRK-1148,2026-05-24,65,USFD_ULTRASONIC,95.9,0
INSP-600356,AST-TRK-1049,2026-05-25,66,USFD_ULTRASONIC,93.4,0
INSP-600357,AST-PNT-1073,2026-05-25,66,POINT_GEAR_TEST,92.9,0
INSP-600358,AST-OHE-1086,2026-05-25,66,TOWER_WAGON,89.9,0
INSP-600359,AST-OHE-1152,2026-05-25,66,TOWER_WAGON,95.2,0
INSP-600360,AST-TRK-1006,2026-05-26,67,USFD_ULTRASONIC,93.9,0
INSP-600361,AST-TRK-1025,2026-05-26,67,USFD_ULTRASONIC,91.6,0
INSP-600362,AST-TRK-1035,2026-05-26,67,USFD_ULTRASONIC,93.0,0
INSP-600363,AST-OHE-1174,2026-05-26,67,TOWER_WAGON,94.6,0
INSP-600364,AST-TRK-1032,2026-05-27,68,USFD_ULTRASONIC,91.1,0
INSP-600365,AST-TRK-1117,2026-05-27,68,USFD_ULTRASONIC,90.2,0
INSP-600366,AST-TRK-1136,2026-05-27,68,USFD_ULTRASONIC,91.9,0
INSP-600367,AST-TRK-1168,2026-05-27,68,USFD_ULTRASONIC,94.6,0
INSP-600368,AST-SIG-1018,2026-05-28,69,POINT_GEAR_TEST,92.0,0
INSP-600369,AST-TRK-1047,2026-05-28,69,USFD_ULTRASONIC,91.7,0
INSP-600370,AST-TRK-1103,2026-05-28,69,USFD_ULTRASONIC,95.2,0
INSP-600371,AST-TRK-1109,2026-05-28,69,USFD_ULTRASONIC,91.9,0
INSP-600372,AST-TRK-1121,2026-05-28,69,USFD_ULTRASONIC,91.4,0
INSP-600373,AST-TRK-1169,2026-05-28,69,USFD_ULTRASONIC,93.6,0
INSP-600374,AST-SIG-1022,2026-05-29,70,POINT_GEAR_TEST,97.0,0
INSP-600375,AST-TRK-1104,2026-05-29,70,USFD_ULTRASONIC,95.5,0
INSP-600376,AST-TRK-1106,2026-05-29,70,USFD_ULTRASONIC,91.3,0
INSP-600377,AST-TRK-1107,2026-05-29,70,USFD_ULTRASONIC,94.0,0
INSP-600378,AST-TRK-1111,2026-05-29,70,USFD_ULTRASONIC,94.0,0
INSP-600379,AST-TRK-1137,2026-05-29,70,USFD_ULTRASONIC,94.7,0
INSP-600380,AST-TRK-1141,2026-05-29,70,USFD_ULTRASONIC,92.1,0
INSP-600381,AST-SIG-1008,2026-05-30,71,POINT_GEAR_TEST,96.0,0
INSP-600382,AST-PNT-1023,2026-05-30,71,POINT_GEAR_TEST,89.0,0
INSP-600383,AST-TRK-1029,2026-05-30,71,USFD_ULTRASONIC,90.7,0
INSP-600384,AST-TRK-1042,2026-05-30,71,USFD_ULTRASONIC,90.3,0
INSP-600385,AST-TRK-1090,2026-05-30,71,USFD_ULTRASONIC,92.7,0
INSP-600386,AST-TRK-1101,2026-05-30,71,USFD_ULTRASONIC,95.4,0
INSP-600387,AST-PNT-1113,2026-05-30,71,POINT_GEAR_TEST,92.0,0
INSP-600388,AST-TRK-1122,2026-05-30,71,USFD_ULTRASONIC,91.3,0
INSP-600389,AST-TRK-1140,2026-05-30,71,USFD_ULTRASONIC,93.9,0
INSP-600390,AST-TRK-1075,2026-05-31,72,USFD_ULTRASONIC,89.1,0
INSP-600391,AST-TRK-1102,2026-05-31,72,USFD_ULTRASONIC,93.4,0
INSP-600392,AST-PNT-1151,2026-05-31,72,POINT_GEAR_TEST,94.8,0
INSP-600393,AST-TRK-1048,2026-06-01,73,USFD_ULTRASONIC,92.9,0
INSP-600394,AST-TRK-1051,2026-06-01,73,USFD_ULTRASONIC,88.7,0
INSP-600395,AST-TRK-1061,2026-06-01,73,USFD_ULTRASONIC,94.0,0
INSP-600396,AST-SIG-1072,2026-06-01,73,POINT_GEAR_TEST,95.1,0
INSP-600397,AST-SIG-1112,2026-06-01,73,POINT_GEAR_TEST,89.5,0
INSP-600398,AST-TRK-1127,2026-06-01,73,USFD_ULTRASONIC,95.0,0
INSP-600399,AST-SIG-1128,2026-06-01,73,POINT_GEAR_TEST,95.5,0
INSP-600400,AST-TRK-1134,2026-06-01,73,USFD_ULTRASONIC,89.7,0
INSP-600401,AST-TRK-1139,2026-06-01,73,USFD_ULTRASONIC,90.4,0
INSP-600402,AST-TRK-1142,2026-06-01,73,USFD_ULTRASONIC,93.9,0
INSP-600403,AST-TRK-1001,2026-06-02,74,USFD_ULTRASONIC,92.6,0
INSP-600404,AST-TRK-1016,2026-06-02,74,USFD_ULTRASONIC,90.8,0
INSP-600405,AST-SIG-1026,2026-06-02,74,POINT_GEAR_TEST,89.5,0
INSP-600406,AST-TRK-1069,2026-06-02,74,USFD_ULTRASONIC,93.1,0
INSP-600407,AST-OHE-1098,2026-06-02,74,TOWER_WAGON,88.9,0
INSP-600408,AST-TRK-1108,2026-06-02,74,USFD_ULTRASONIC,91.0,0
INSP-600409,AST-TRK-1126,2026-06-02,74,USFD_ULTRASONIC,95.8,0
INSP-600410,AST-OHE-1130,2026-06-02,74,TOWER_WAGON,93.6,0
INSP-600411,AST-TRK-1002,2026-06-03,75,USFD_ULTRASONIC,92.1,0
INSP-600412,AST-TRK-1038,2026-06-03,75,USFD_ULTRASONIC,91.3,0
INSP-600413,AST-TRK-1043,2026-06-03,75,USFD_ULTRASONIC,90.9,0
INSP-600414,AST-TRK-1067,2026-06-03,75,USFD_ULTRASONIC,93.4,0
INSP-600415,AST-TRK-1078,2026-06-03,75,USFD_ULTRASONIC,92.5,0
INSP-600416,AST-TRK-1081,2026-06-03,75,USFD_ULTRASONIC,90.3,0
INSP-600417,AST-PNT-1027,2026-06-04,76,POINT_GEAR_TEST,92.5,0
INSP-600418,AST-TRK-1046,2026-06-04,76,USFD_ULTRASONIC,91.4,0
INSP-600419,AST-TRK-1070,2026-06-04,76,USFD_ULTRASONIC,94.1,0
INSP-600420,AST-TRK-1089,2026-06-04,76,USFD_ULTRASONIC,92.2,0
INSP-600421,AST-PNT-1097,2026-06-04,76,POINT_GEAR_TEST,91.9,0
INSP-600422,AST-TRK-1110,2026-06-04,76,USFD_ULTRASONIC,89.9,0
INSP-600423,AST-SIG-1003,2026-06-05,77,POINT_GEAR_TEST,88.0,0
INSP-600424,AST-PNT-1004,2026-06-05,77,POINT_GEAR_TEST,87.9,0
INSP-600425,AST-SIG-1062,2026-06-05,77,POINT_GEAR_TEST,90.4,0
INSP-600426,AST-TRK-1091,2026-06-05,77,USFD_ULTRASONIC,91.4,0
INSP-600427,AST-TRK-1147,2026-06-05,77,USFD_ULTRASONIC,91.4,0
INSP-600428,AST-TRK-1160,2026-06-05,77,USFD_ULTRASONIC,92.8,0
INSP-600429,AST-TRK-1036,2026-06-06,78,USFD_ULTRASONIC,90.8,0
INSP-600430,AST-TRK-1125,2026-06-06,78,USFD_ULTRASONIC,91.7,0
INSP-600431,AST-TRK-1132,2026-06-06,78,USFD_ULTRASONIC,91.1,0
INSP-600432,AST-TRK-1138,2026-06-06,78,USFD_ULTRASONIC,92.5,0
INSP-600433,AST-TRK-1143,2026-06-06,78,USFD_ULTRASONIC,95.5,0
INSP-600434,AST-TRK-1155,2026-06-06,78,USFD_ULTRASONIC,90.2,0
INSP-600435,AST-PNT-1173,2026-06-06,78,POINT_GEAR_TEST,90.5,0
INSP-600436,AST-TRK-1034,2026-06-07,79,USFD_ULTRASONIC,90.4,0
INSP-600437,AST-TRK-1050,2026-06-07,79,USFD_ULTRASONIC,95.7,0
INSP-600438,AST-TRK-1056,2026-06-07,79,USFD_ULTRASONIC,88.4,0
INSP-600439,AST-PNT-1063,2026-06-07,79,POINT_GEAR_TEST,93.4,0
INSP-600440,AST-TRK-1068,2026-06-07,79,USFD_ULTRASONIC,90.0,0
INSP-600441,AST-TRK-1076,2026-06-07,79,USFD_ULTRASONIC,94.8,0
INSP-600442,AST-SIG-1084,2026-06-07,79,POINT_GEAR_TEST,99.9,0
INSP-600443,AST-TRK-1095,2026-06-07,79,USFD_ULTRASONIC,91.0,0
INSP-600444,AST-TRK-1154,2026-06-07,79,USFD_ULTRASONIC,90.5,0
INSP-600445,AST-OHE-1005,2026-06-08,80,TOWER_WAGON,89.1,0
INSP-600446,AST-TRK-1021,2026-06-08,80,USFD_ULTRASONIC,92.5,0
INSP-600447,AST-TRK-1044,2026-06-08,80,USFD_ULTRASONIC,90.0,0
INSP-600448,AST-OHE-1074,2026-06-08,80,TOWER_WAGON,89.8,0
INSP-600449,AST-TRK-1082,2026-06-08,80,USFD_ULTRASONIC,89.4,0
INSP-600450,AST-OHE-1114,2026-06-08,80,TOWER_WAGON,89.1,0
INSP-600451,AST-TRK-1118,2026-06-08,80,USFD_ULTRASONIC,91.0,0
INSP-600452,AST-TRK-1133,2026-06-08,80,USFD_ULTRASONIC,89.5,0
INSP-600453,AST-TRK-1156,2026-06-08,80,USFD_ULTRASONIC,91.0,0
INSP-600454,AST-TRK-1171,2026-06-08,80,USFD_ULTRASONIC,93.8,0
INSP-600455,AST-TRK-1011,2026-06-09,81,USFD_ULTRASONIC,92.1,0
INSP-600456,AST-TRK-1012,2026-06-09,81,USFD_ULTRASONIC,90.4,0
INSP-600457,AST-TRK-1033,2026-06-09,81,USFD_ULTRASONIC,94.3,0
INSP-600458,AST-TRK-1037,2026-06-09,81,USFD_ULTRASONIC,90.0,0
INSP-600459,AST-PNT-1040,2026-06-09,81,POINT_GEAR_TEST,88.7,0
INSP-600460,AST-PNT-1053,2026-06-09,81,POINT_GEAR_TEST,90.3,0
INSP-600461,AST-TRK-1058,2026-06-09,81,USFD_ULTRASONIC,91.7,0
INSP-600462,AST-TRK-1083,2026-06-09,81,USFD_ULTRASONIC,92.4,0
INSP-600463,AST-SIG-1096,2026-06-09,81,POINT_GEAR_TEST,93.5,0
INSP-600464,AST-TRK-1157,2026-06-09,81,USFD_ULTRASONIC,93.2,0
INSP-600465,AST-TRK-1162,2026-06-09,81,USFD_ULTRASONIC,89.7,0
INSP-600466,AST-TRK-1163,2026-06-09,81,USFD_ULTRASONIC,93.5,0
INSP-600467,AST-TRK-1164,2026-06-09,81,USFD_ULTRASONIC,94.4,0
INSP-600468,AST-PNT-1009,2026-06-10,82,POINT_GEAR_TEST,89.0,0
INSP-600469,AST-TRK-1030,2026-06-10,82,USFD_ULTRASONIC,92.0,0
INSP-600470,AST-OHE-1041,2026-06-10,82,TOWER_WAGON,90.8,0
INSP-600471,AST-TRK-1060,2026-06-10,82,USFD_ULTRASONIC,91.7,0
INSP-600472,AST-TRK-1099,2026-06-10,82,USFD_ULTRASONIC,89.6,0
INSP-600473,AST-TRK-1135,2026-06-10,82,USFD_ULTRASONIC,92.6,0
INSP-600474,AST-TRK-1149,2026-06-10,82,USFD_ULTRASONIC,91.2,0
INSP-600475,AST-TRK-1159,2026-06-10,82,USFD_ULTRASONIC,91.6,0
INSP-600476,AST-OHE-1010,2026-06-11,83,TOWER_WAGON,92.8,0
INSP-600477,AST-SIG-1013,2026-06-11,83,POINT_GEAR_TEST,90.5,0
INSP-600478,AST-OHE-1015,2026-06-11,83,TOWER_WAGON,89.6,0
INSP-600479,AST-SIG-1052,2026-06-11,83,POINT_GEAR_TEST,94.2,0
INSP-600480,AST-TRK-1057,2026-06-11,83,USFD_ULTRASONIC,92.2,0
INSP-600481,AST-TRK-1059,2026-06-11,83,USFD_ULTRASONIC,93.1,0
INSP-600482,AST-TRK-1065,2026-06-11,83,USFD_ULTRASONIC,90.7,0
INSP-600483,AST-TRK-1080,2026-06-11,83,USFD_ULTRASONIC,89.7,0
INSP-600484,AST-PNT-1129,2026-06-11,83,POINT_GEAR_TEST,85.5,0
INSP-600485,AST-TRK-1131,2026-06-11,83,USFD_ULTRASONIC,91.4,0
INSP-600486,AST-TRK-1161,2026-06-11,83,USFD_ULTRASONIC,91.4,0
INSP-600487,AST-TRK-1167,2026-06-11,83,USFD_ULTRASONIC,90.5,0
INSP-600488,AST-OHE-1024,2026-06-12,84,TOWER_WAGON,91.7,0
INSP-600489,AST-TRK-1031,2026-06-12,84,USFD_ULTRASONIC,90.2,0
INSP-600490,AST-TRK-1055,2026-06-12,84,USFD_ULTRASONIC,92.3,0
INSP-600491,AST-TRK-1066,2026-06-12,84,USFD_ULTRASONIC,94.1,0
INSP-600492,AST-PNT-1085,2026-06-12,84,POINT_GEAR_TEST,98.1,0
INSP-600493,AST-TRK-1087,2026-06-12,84,USFD_ULTRASONIC,91.8,0
INSP-600494,AST-TRK-1100,2026-06-12,84,USFD_ULTRASONIC,93.8,0
INSP-600495,AST-TRK-1105,2026-06-12,84,USFD_ULTRASONIC,90.9,0
INSP-600496,AST-TRK-1123,2026-06-12,84,USFD_ULTRASONIC,94.0,0
INSP-600497,AST-TRK-1165,2026-06-12,84,USFD_ULTRASONIC,92.8,0
INSP-600498,AST-TRK-1092,2026-06-13,85,USFD_ULTRASONIC,92.8,0
INSP-600499,AST-TRK-1124,2026-06-13,85,USFD_ULTRASONIC,92.3,0
INSP-600500,AST-TRK-1144,2026-06-13,85,USFD_ULTRASONIC,89.6,0
INSP-600501,AST-SIG-1172,2026-06-13,85,POINT_GEAR_TEST,94.5,0
INSP-600502,AST-PNT-1019,2026-06-14,86,POINT_GEAR_TEST,87.7,0
INSP-600503,AST-TRK-1119,2026-06-14,86,USFD_ULTRASONIC,95.1,0
INSP-600504,AST-TRK-1146,2026-06-14,86,USFD_ULTRASONIC,91.0,0
INSP-600505,AST-TRK-1158,2026-06-14,86,USFD_ULTRASONIC,89.0,0
INSP-600506,AST-TRK-1166,2026-06-14,86,USFD_ULTRASONIC,88.5,0
INSP-600507,AST-TRK-1007,2026-06-15,87,USFD_ULTRASONIC,89.6,0
INSP-600508,AST-PNT-1014,2026-06-15,87,POINT_GEAR_TEST,90.7,0
INSP-600509,AST-TRK-1079,2026-06-15,87,USFD_ULTRASONIC,92.1,0
INSP-600510,AST-TRK-1093,2026-06-16,88,USFD_ULTRASONIC,93.1,0
INSP-600511,AST-TRK-1153,2026-06-16,88,USFD_ULTRASONIC,92.1,0
INSP-600512,AST-OHE-1028,2026-06-17,89,TOWER_WAGON,87.9,0
INSP-600513,AST-SIG-1039,2026-06-17,89,POINT_GEAR_TEST,92.0,0
INSP-600514,AST-TRK-1094,2026-06-17,89,USFD_ULTRASONIC,91.3,0
INSP-600515,AST-TRK-1116,2026-06-17,89,USFD_ULTRASONIC,94.1,0
INSP-600516,AST-TRK-1120,2026-06-17,89,USFD_ULTRASONIC,88.6,0
INSP-600517,AST-TRK-1170,2026-06-17,89,USFD_ULTRASONIC,91.3,0
INSP-600518,AST-OHE-1054,2026-06-18,90,TOWER_WAGON,96.8,0
INSP-600519,AST-TRK-1088,2026-06-18,90,USFD_ULTRASONIC,87.5,0
INSP-600520,AST-TRK-1115,2026-06-18,90,USFD_ULTRASONIC,93.2,0
INSP-600521,AST-TRK-1045,2026-06-19,91,USFD_ULTRASONIC,89.7,0
INSP-600522,AST-TRK-1017,2026-06-20,92,USFD_ULTRASONIC,94.5,0
INSP-600523,AST-TRK-1035,2026-06-21,93,USFD_ULTRASONIC,97.0,0
INSP-600524,AST-TRK-1071,2026-06-21,93,USFD_ULTRASONIC,88.8,0
INSP-600525,AST-PNT-1073,2026-06-21,93,POINT_GEAR_TEST,91.1,0
INSP-600526,AST-SIG-1150,2026-06-21,93,POINT_GEAR_TEST,87.9,0
INSP-600527,AST-OHE-1174,2026-06-21,93,TOWER_WAGON,96.7,0
INSP-600528,AST-OHE-1064,2026-06-22,94,TOWER_WAGON,90.4,0
INSP-600529,AST-TRK-1077,2026-06-22,94,USFD_ULTRASONIC,93.9,0
INSP-600530,AST-TRK-1145,2026-06-22,94,USFD_ULTRASONIC,88.7,0
INSP-600531,AST-TRK-1006,2026-06-23,95,USFD_ULTRASONIC,91.9,0
INSP-600532,AST-OHE-1020,2026-06-23,95,TOWER_WAGON,93.0,0
INSP-600533,AST-TRK-1117,2026-06-23,95,USFD_ULTRASONIC,94.2,0
INSP-600534,AST-TRK-1136,2026-06-23,95,USFD_ULTRASONIC,97.8,0
INSP-600535,AST-TRK-1032,2026-06-25,97,USFD_ULTRASONIC,95.6,0
INSP-600536,AST-OHE-1086,2026-06-25,97,TOWER_WAGON,91.1,0
INSP-600537,AST-TRK-1104,2026-06-25,97,USFD_ULTRASONIC,93.8,0
INSP-600538,AST-TRK-1107,2026-06-25,97,USFD_ULTRASONIC,91.5,0
INSP-600539,AST-TRK-1122,2026-06-25,97,USFD_ULTRASONIC,87.9,0
INSP-600540,AST-TRK-1148,2026-06-25,97,USFD_ULTRASONIC,92.3,0
INSP-600541,AST-TRK-1025,2026-06-26,98,USFD_ULTRASONIC,97.2,0
INSP-600542,AST-TRK-1049,2026-06-26,98,USFD_ULTRASONIC,88.3,0
INSP-600543,AST-SIG-1112,2026-06-26,98,POINT_GEAR_TEST,86.5,0
INSP-600544,AST-TRK-1140,2026-06-26,98,USFD_ULTRASONIC,89.5,0
INSP-600545,AST-TRK-1168,2026-06-26,98,USFD_ULTRASONIC,95.2,0
INSP-600546,AST-SIG-1022,2026-06-27,99,POINT_GEAR_TEST,95.4,0
INSP-600547,AST-TRK-1029,2026-06-27,99,USFD_ULTRASONIC,91.9,0
INSP-600548,AST-TRK-1109,2026-06-27,99,USFD_ULTRASONIC,94.8,0
INSP-600549,AST-TRK-1137,2026-06-27,99,USFD_ULTRASONIC,90.9,0
INSP-600550,AST-TRK-1141,2026-06-27,99,USFD_ULTRASONIC,90.1,0
INSP-600551,AST-OHE-1152,2026-06-27,99,TOWER_WAGON,90.0,0
INSP-600552,AST-TRK-1016,2026-06-28,100,USFD_ULTRASONIC,97.2,0
INSP-600553,AST-TRK-1048,2026-06-28,100,USFD_ULTRASONIC,93.1,0
INSP-600554,AST-TRK-1102,2026-06-28,100,USFD_ULTRASONIC,92.8,0
INSP-600555,AST-OHE-1130,2026-06-28,100,TOWER_WAGON,91.2,0
INSP-600556,AST-TRK-1139,2026-06-28,100,USFD_ULTRASONIC,89.8,0
INSP-600557,AST-TRK-1169,2026-06-28,100,USFD_ULTRASONIC,95.3,0
INSP-600558,AST-TRK-1069,2026-06-29,101,USFD_ULTRASONIC,93.3,0
INSP-600559,AST-TRK-1103,2026-06-29,101,USFD_ULTRASONIC,90.1,0
INSP-600560,AST-PNT-1113,2026-06-29,101,POINT_GEAR_TEST,91.1,0
INSP-600561,AST-TRK-1134,2026-06-29,101,USFD_ULTRASONIC,93.7,0
INSP-600562,AST-SIG-1008,2026-06-30,102,POINT_GEAR_TEST,94.3,0
INSP-600563,AST-TRK-1038,2026-06-30,102,USFD_ULTRASONIC,93.7,0
INSP-600564,AST-TRK-1042,2026-06-30,102,USFD_ULTRASONIC,92.9,0
INSP-600565,AST-TRK-1043,2026-06-30,102,USFD_ULTRASONIC,90.9,0
INSP-600566,AST-TRK-1075,2026-06-30,102,USFD_ULTRASONIC,93.1,0
INSP-600567,AST-PNT-1097,2026-06-30,102,POINT_GEAR_TEST,96.3,0
INSP-600568,AST-TRK-1101,2026-06-30,102,USFD_ULTRASONIC,96.4,0
INSP-600569,AST-TRK-1106,2026-06-30,102,USFD_ULTRASONIC,97.3,0
INSP-600570,AST-TRK-1126,2026-06-30,102,USFD_ULTRASONIC,92.2,0
INSP-600571,AST-PNT-1151,2026-06-30,102,POINT_GEAR_TEST,95.6,0
INSP-600572,AST-TRK-1002,2026-07-01,103,USFD_ULTRASONIC,90.0,0
INSP-600573,AST-TRK-1051,2026-07-01,103,USFD_ULTRASONIC,90.9,0
INSP-600574,AST-TRK-1061,2026-07-01,103,USFD_ULTRASONIC,96.2,0
INSP-600575,AST-TRK-1067,2026-07-01,103,USFD_ULTRASONIC,93.5,0
INSP-600576,AST-TRK-1111,2026-07-01,103,USFD_ULTRASONIC,94.0,0
INSP-600577,AST-TRK-1127,2026-07-01,103,USFD_ULTRASONIC,89.2,0
INSP-600578,AST-TRK-1001,2026-07-02,104,USFD_ULTRASONIC,91.4,0
INSP-600579,AST-TRK-1090,2026-07-02,104,USFD_ULTRASONIC,86.9,0
INSP-600580,AST-OHE-1098,2026-07-02,104,TOWER_WAGON,90.3,0
INSP-600581,AST-SIG-1128,2026-07-02,104,POINT_GEAR_TEST,92.3,0
INSP-600582,AST-TRK-1142,2026-07-02,104,USFD_ULTRASONIC,97.3,0
INSP-600583,AST-PNT-1004,2026-07-03,105,POINT_GEAR_TEST,92.8,0
INSP-600584,AST-SIG-1018,2026-07-03,105,POINT_GEAR_TEST,90.8,0
INSP-600585,AST-PNT-1023,2026-07-03,105,POINT_GEAR_TEST,94.7,0
INSP-600586,AST-TRK-1047,2026-07-03,105,USFD_ULTRASONIC,94.0,0
INSP-600587,AST-TRK-1078,2026-07-03,105,USFD_ULTRASONIC,90.3,0
INSP-600588,AST-TRK-1121,2026-07-03,105,USFD_ULTRASONIC,94.9,0
INSP-600589,AST-TRK-1138,2026-07-03,105,USFD_ULTRASONIC,88.5,0
INSP-600590,AST-TRK-1143,2026-07-03,105,USFD_ULTRASONIC,90.4,0
INSP-600591,AST-TRK-1155,2026-07-03,105,USFD_ULTRASONIC,93.5,0
INSP-600592,AST-PNT-1027,2026-07-04,106,POINT_GEAR_TEST,98.2,0
INSP-600593,AST-TRK-1046,2026-07-04,106,USFD_ULTRASONIC,95.1,0
INSP-600594,AST-TRK-1081,2026-07-04,106,USFD_ULTRASONIC,94.1,0
INSP-600595,AST-OHE-1005,2026-07-05,107,TOWER_WAGON,93.0,0
INSP-600596,AST-SIG-1026,2026-07-05,107,POINT_GEAR_TEST,89.5,0
INSP-600597,AST-TRK-1037,2026-07-05,107,USFD_ULTRASONIC,93.1,0
INSP-600598,AST-TRK-1050,2026-07-05,107,USFD_ULTRASONIC,91.2,0
INSP-600599,AST-SIG-1062,2026-07-05,107,POINT_GEAR_TEST,87.4,0
INSP-600600,AST-TRK-1089,2026-07-05,107,USFD_ULTRASONIC,96.3,0
INSP-600601,AST-TRK-1091,2026-07-05,107,USFD_ULTRASONIC,93.6,0
INSP-600602,AST-TRK-1125,2026-07-05,107,USFD_ULTRASONIC,93.2,0
INSP-600603,AST-TRK-1147,2026-07-05,107,USFD_ULTRASONIC,88.2,0
INSP-600604,AST-TRK-1030,2026-07-06,108,USFD_ULTRASONIC,94.3,0
INSP-600605,AST-TRK-1033,2026-07-06,108,USFD_ULTRASONIC,89.3,0
INSP-600606,AST-TRK-1060,2026-07-06,108,USFD_ULTRASONIC,91.8,0
INSP-600607,AST-TRK-1095,2026-07-06,108,USFD_ULTRASONIC,92.1,0
INSP-600608,AST-TRK-1099,2026-07-06,108,USFD_ULTRASONIC,95.7,0
INSP-600609,AST-TRK-1108,2026-07-06,108,USFD_ULTRASONIC,95.5,0
INSP-600610,AST-TRK-1132,2026-07-06,108,USFD_ULTRASONIC,93.9,0
INSP-600611,AST-TRK-1160,2026-07-06,108,USFD_ULTRASONIC,91.0,0
INSP-600612,AST-TRK-1163,2026-07-06,108,USFD_ULTRASONIC,94.0,0
INSP-600613,AST-PNT-1040,2026-07-07,109,POINT_GEAR_TEST,93.3,0
INSP-600614,AST-PNT-1053,2026-07-07,109,POINT_GEAR_TEST,97.6,0
INSP-600615,AST-SIG-1072,2026-07-07,109,POINT_GEAR_TEST,94.3,0
INSP-600616,AST-TRK-1162,2026-07-07,109,USFD_ULTRASONIC,95.4,0
INSP-600617,AST-SIG-1003,2026-07-08,110,POINT_GEAR_TEST,88.6,0
INSP-600618,AST-OHE-1024,2026-07-08,110,TOWER_WAGON,94.6,0
INSP-600619,AST-TRK-1034,2026-07-08,110,USFD_ULTRASONIC,95.2,0
INSP-600620,AST-TRK-1036,2026-07-08,110,USFD_ULTRASONIC,94.4,0
INSP-600621,AST-TRK-1055,2026-07-08,110,USFD_ULTRASONIC,96.2,0
INSP-600622,AST-TRK-1082,2026-07-08,110,USFD_ULTRASONIC,93.5,0
INSP-600623,AST-TRK-1110,2026-07-08,110,USFD_ULTRASONIC,94.7,0
INSP-600624,AST-TRK-1154,2026-07-08,110,USFD_ULTRASONIC,94.9,0
INSP-600625,AST-TRK-1164,2026-07-08,110,USFD_ULTRASONIC,91.8,0
INSP-600626,AST-TRK-1171,2026-07-08,110,USFD_ULTRASONIC,93.5,0
INSP-600627,AST-TRK-1012,2026-07-09,111,USFD_ULTRASONIC,89.3,0
INSP-600628,AST-TRK-1021,2026-07-09,111,USFD_ULTRASONIC,94.3,0
INSP-600629,AST-TRK-1031,2026-07-09,111,USFD_ULTRASONIC,92.3,0
INSP-600630,AST-TRK-1059,2026-07-09,111,USFD_ULTRASONIC,95.8,0
INSP-600631,AST-TRK-1068,2026-07-09,111,USFD_ULTRASONIC,93.1,0
INSP-600632,AST-TRK-1070,2026-07-09,111,USFD_ULTRASONIC,90.0,0
INSP-600633,AST-OHE-1074,2026-07-09,111,TOWER_WAGON,92.7,0
INSP-600634,AST-SIG-1084,2026-07-09,111,POINT_GEAR_TEST,97.8,0
INSP-600635,AST-TRK-1092,2026-07-09,111,USFD_ULTRASONIC,94.3,0
INSP-600636,AST-TRK-1100,2026-07-09,111,USFD_ULTRASONIC,94.2,0
INSP-600637,AST-OHE-1114,2026-07-09,111,TOWER_WAGON,86.2,0
INSP-600638,AST-TRK-1167,2026-07-09,111,USFD_ULTRASONIC,90.6,0
INSP-600639,AST-PNT-1173,2026-07-09,111,POINT_GEAR_TEST,93.6,0
INSP-600640,AST-TRK-1007,2026-07-10,112,USFD_ULTRASONIC,92.5,0
INSP-600641,AST-TRK-1044,2026-07-10,112,USFD_ULTRASONIC,93.3,0
INSP-600642,AST-TRK-1056,2026-07-10,112,USFD_ULTRASONIC,94.2,0
INSP-600643,AST-PNT-1063,2026-07-10,112,POINT_GEAR_TEST,98.2,0
INSP-600644,AST-TRK-1083,2026-07-10,112,USFD_ULTRASONIC,88.9,0
INSP-600645,AST-SIG-1096,2026-07-10,112,POINT_GEAR_TEST,93.2,0
INSP-600646,AST-TRK-1105,2026-07-10,112,USFD_ULTRASONIC,91.8,0
INSP-600647,AST-TRK-1131,2026-07-10,112,USFD_ULTRASONIC,95.7,0
INSP-600648,AST-TRK-1156,2026-07-10,112,USFD_ULTRASONIC,94.6,0
INSP-600649,AST-TRK-1157,2026-07-10,112,USFD_ULTRASONIC,94.8,0
INSP-600650,AST-TRK-1159,2026-07-10,112,USFD_ULTRASONIC,93.0,0
INSP-600651,AST-SIG-1172,2026-07-10,112,POINT_GEAR_TEST,92.0,0
INSP-600652,AST-PNT-1009,2026-07-11,113,POINT_GEAR_TEST,94.7,0
INSP-600653,AST-OHE-1010,2026-07-11,113,TOWER_WAGON,95.4,0
INSP-600654,AST-SIG-1013,2026-07-11,113,POINT_GEAR_TEST,89.4,0
INSP-600655,AST-OHE-1041,2026-07-11,113,TOWER_WAGON,93.7,0
INSP-600656,AST-SIG-1052,2026-07-11,113,POINT_GEAR_TEST,95.7,0
INSP-600657,AST-TRK-1057,2026-07-11,113,USFD_ULTRASONIC,93.9,0
INSP-600658,AST-TRK-1058,2026-07-11,113,USFD_ULTRASONIC,93.8,0
INSP-600659,AST-TRK-1065,2026-07-11,113,USFD_ULTRASONIC,93.6,0
INSP-600660,AST-TRK-1118,2026-07-11,113,USFD_ULTRASONIC,91.3,0
INSP-600661,AST-TRK-1119,2026-07-11,113,USFD_ULTRASONIC,97.0,0
INSP-600662,AST-TRK-1133,2026-07-11,113,USFD_ULTRASONIC,93.8,0
INSP-600663,AST-TRK-1165,2026-07-11,113,USFD_ULTRASONIC,96.7,0
INSP-600664,AST-TRK-1166,2026-07-11,113,USFD_ULTRASONIC,92.8,0
INSP-600665,AST-TRK-1011,2026-07-12,114,USFD_ULTRASONIC,88.3,0
INSP-600666,AST-OHE-1015,2026-07-12,114,TOWER_WAGON,93.7,0
INSP-600667,AST-TRK-1124,2026-07-12,114,USFD_ULTRASONIC,93.2,0
INSP-600668,AST-TRK-1135,2026-07-12,114,USFD_ULTRASONIC,97.3,0
INSP-600669,AST-TRK-1161,2026-07-12,114,USFD_ULTRASONIC,94.4,0
INSP-600670,AST-TRK-1066,2026-07-13,115,USFD_ULTRASONIC,91.4,0
INSP-600671,AST-PNT-1085,2026-07-13,115,POINT_GEAR_TEST,92.7,0
INSP-600672,AST-TRK-1087,2026-07-13,115,USFD_ULTRASONIC,95.2,0
INSP-600673,AST-TRK-1144,2026-07-13,115,USFD_ULTRASONIC,91.3,0
INSP-600674,AST-PNT-1019,2026-07-14,116,POINT_GEAR_TEST,92.0,0
INSP-600675,AST-PNT-1129,2026-07-14,116,POINT_GEAR_TEST,94.9,0
INSP-600676,AST-TRK-1153,2026-07-14,116,USFD_ULTRASONIC,95.8,0
INSP-600677,AST-TRK-1170,2026-07-14,116,USFD_ULTRASONIC,95.4,0
INSP-600678,AST-TRK-1076,2026-07-15,117,USFD_ULTRASONIC,96.2,0
INSP-600679,AST-TRK-1080,2026-07-15,117,USFD_ULTRASONIC,93.1,0
INSP-600680,AST-TRK-1094,2026-07-15,117,USFD_ULTRASONIC,94.7,0
INSP-600681,AST-TRK-1146,2026-07-15,117,USFD_ULTRASONIC,93.0,0
INSP-600682,AST-TRK-1149,2026-07-15,117,USFD_ULTRASONIC,91.9,0
INSP-600683,AST-SIG-1039,2026-07-16,118,POINT_GEAR_TEST,91.8,0
INSP-600684,AST-TRK-1158,2026-07-16,118,USFD_ULTRASONIC,93.7,0
INSP-600685,AST-OHE-1174,2026-07-16,118,TOWER_WAGON,93.5,0
INSP-600686,AST-TRK-1079,2026-07-17,119,USFD_ULTRASONIC,96.9,0
INSP-600687,AST-TRK-1093,2026-07-17,119,USFD_ULTRASONIC,94.0,0
INSP-600688,AST-TRK-1116,2026-07-17,119,USFD_ULTRASONIC,91.5,0
INSP-600689,AST-PNT-1014,2026-07-18,120,POINT_GEAR_TEST,96.4,0
INSP-600690,AST-TRK-1035,2026-07-18,120,USFD_ULTRASONIC,92.0,0
INSP-600691,AST-OHE-1054,2026-07-18,120,TOWER_WAGON,94.1,0
INSP-600692,AST-TRK-1145,2026-07-18,120,USFD_ULTRASONIC,93.3,0
INSP-600693,AST-OHE-1064,2026-07-19,121,TOWER_WAGON,92.2,0
INSP-600694,AST-TRK-1088,2026-07-19,121,USFD_ULTRASONIC,92.9,0
INSP-600695,AST-TRK-1117,2026-07-19,121,USFD_ULTRASONIC,93.3,0
INSP-600696,AST-TRK-1017,2026-07-20,122,USFD_ULTRASONIC,93.6,0
INSP-600697,AST-OHE-1028,2026-07-20,122,TOWER_WAGON,91.8,0
INSP-600698,AST-TRK-1115,2026-07-20,122,USFD_ULTRASONIC,92.5,0
INSP-600699,AST-TRK-1123,2026-07-20,122,USFD_ULTRASONIC,93.9,0
INSP-600700,AST-TRK-1104,2026-07-21,123,USFD_ULTRASONIC,97.0,0
INSP-600701,AST-TRK-1136,2026-07-21,123,USFD_ULTRASONIC,92.9,0
INSP-600702,AST-SIG-1150,2026-07-21,123,POINT_GEAR_TEST,88.8,0
INSP-600703,AST-TRK-1045,2026-07-22,124,USFD_ULTRASONIC,91.3,0
INSP-600704,AST-PNT-1073,2026-07-22,124,POINT_GEAR_TEST,92.6,0
INSP-600705,AST-TRK-1109,2026-07-22,124,USFD_ULTRASONIC,90.3,0
INSP-600706,AST-TRK-1120,2026-07-22,124,USFD_ULTRASONIC,92.1,0
INSP-600707,AST-TRK-1168,2026-07-22,124,USFD_ULTRASONIC,94.6,0
INSP-600708,AST-SIG-1022,2026-07-23,125,POINT_GEAR_TEST,93.6,0
INSP-600709,AST-TRK-1025,2026-07-23,125,USFD_ULTRASONIC,91.0,0
INSP-600710,AST-TRK-1107,2026-07-23,125,USFD_ULTRASONIC,95.7,0
INSP-600711,AST-TRK-1148,2026-07-23,125,USFD_ULTRASONIC,93.0,0
INSP-600712,AST-TRK-1029,2026-07-24,126,USFD_ULTRASONIC,91.1,0
INSP-600713,AST-TRK-1049,2026-07-24,126,USFD_ULTRASONIC,91.5,0
INSP-600714,AST-TRK-1071,2026-07-24,126,USFD_ULTRASONIC,90.3,0
INSP-600715,AST-OHE-1020,2026-07-25,127,TOWER_WAGON,94.9,0
INSP-600716,AST-TRK-1038,2026-07-25,127,USFD_ULTRASONIC,90.5,0
INSP-600717,AST-OHE-1086,2026-07-25,127,TOWER_WAGON,92.8,0
INSP-600718,AST-TRK-1102,2026-07-25,127,USFD_ULTRASONIC,92.5,0
INSP-600719,AST-SIG-1112,2026-07-25,127,POINT_GEAR_TEST,88.5,0
INSP-600720,AST-TRK-1140,2026-07-25,127,USFD_ULTRASONIC,91.6,0
INSP-600721,AST-TRK-1169,2026-07-25,127,USFD_ULTRASONIC,90.7,0
INSP-600722,AST-TRK-1048,2026-07-26,128,USFD_ULTRASONIC,93.1,0
INSP-600723,AST-OHE-1130,2026-07-26,128,TOWER_WAGON,95.6,0
INSP-600724,AST-TRK-1134,2026-07-26,128,USFD_ULTRASONIC,90.5,0
INSP-600725,AST-TRK-1137,2026-07-26,128,USFD_ULTRASONIC,95.3,0
INSP-600726,AST-TRK-1006,2026-07-27,129,USFD_ULTRASONIC,93.8,0
INSP-600727,AST-TRK-1016,2026-07-27,129,USFD_ULTRASONIC,92.1,0
INSP-600728,AST-TRK-1032,2026-07-27,129,USFD_ULTRASONIC,93.5,0
INSP-600729,AST-TRK-1061,2026-07-27,129,USFD_ULTRASONIC,91.2,0
INSP-600730,AST-TRK-1069,2026-07-27,129,USFD_ULTRASONIC,90.5,0
INSP-600731,AST-TRK-1106,2026-07-27,129,USFD_ULTRASONIC,91.4,0
INSP-600732,AST-TRK-1122,2026-07-27,129,USFD_ULTRASONIC,93.8,0
INSP-600733,AST-TRK-1141,2026-07-27,129,USFD_ULTRASONIC,89.7,0
INSP-600734,AST-OHE-1152,2026-07-27,129,TOWER_WAGON,94.8,0
INSP-600735,AST-TRK-1043,2026-07-28,130,USFD_ULTRASONIC,93.2,0
INSP-600736,AST-TRK-1047,2026-07-28,130,USFD_ULTRASONIC,94.0,0
INSP-600737,AST-TRK-1126,2026-07-28,130,USFD_ULTRASONIC,92.7,0
INSP-600738,AST-SIG-1008,2026-07-29,131,POINT_GEAR_TEST,93.0,0
INSP-600739,AST-TRK-1042,2026-07-29,131,USFD_ULTRASONIC,89.7,0
INSP-600740,AST-OHE-1098,2026-07-29,131,TOWER_WAGON,88.9,0
INSP-600741,AST-TRK-1103,2026-07-29,131,USFD_ULTRASONIC,93.9,0
INSP-600742,AST-TRK-1002,2026-07-30,132,USFD_ULTRASONIC,91.7,0
INSP-600743,AST-TRK-1051,2026-07-30,132,USFD_ULTRASONIC,89.7,0
INSP-600744,AST-SIG-1128,2026-07-30,132,POINT_GEAR_TEST,91.9,0
INSP-600745,AST-TRK-1139,2026-07-30,132,USFD_ULTRASONIC,94.4,0
INSP-600746,AST-PNT-1027,2026-07-31,133,POINT_GEAR_TEST,94.1,0
INSP-600747,AST-TRK-1033,2026-07-31,133,USFD_ULTRASONIC,95.1,0
INSP-600748,AST-TRK-1046,2026-07-31,133,USFD_ULTRASONIC,91.9,0
INSP-600749,AST-TRK-1067,2026-07-31,133,USFD_ULTRASONIC,90.9,0
INSP-600750,AST-TRK-1077,2026-07-31,133,USFD_ULTRASONIC,91.6,0
INSP-600751,AST-TRK-1091,2026-07-31,133,USFD_ULTRASONIC,92.3,0
INSP-600752,AST-TRK-1121,2026-07-31,133,USFD_ULTRASONIC,90.9,0
INSP-600753,AST-TRK-1127,2026-07-31,133,USFD_ULTRASONIC,92.5,0
INSP-600754,AST-TRK-1142,2026-07-31,133,USFD_ULTRASONIC,94.3,0
INSP-600755,AST-TRK-1143,2026-07-31,133,USFD_ULTRASONIC,95.2,0
INSP-600756,AST-PNT-1151,2026-07-31,133,POINT_GEAR_TEST,90.9,0
INSP-600757,AST-TRK-1163,2026-07-31,133,USFD_ULTRASONIC,91.9,0
INSP-600758,AST-TRK-1075,2026-08-01,134,USFD_ULTRASONIC,91.7,0
INSP-600759,AST-TRK-1078,2026-08-01,134,USFD_ULTRASONIC,92.0,0
INSP-600760,AST-TRK-1090,2026-08-01,134,USFD_ULTRASONIC,89.5,0
INSP-600761,AST-PNT-1097,2026-08-01,134,POINT_GEAR_TEST,92.1,0
INSP-600762,AST-TRK-1101,2026-08-01,134,USFD_ULTRASONIC,92.4,0
INSP-600763,AST-PNT-1113,2026-08-01,134,POINT_GEAR_TEST,92.6,0
INSP-600764,AST-TRK-1155,2026-08-01,134,USFD_ULTRASONIC,92.3,0
INSP-600765,AST-OHE-1005,2026-08-02,135,TOWER_WAGON,89.6,0
INSP-600766,AST-SIG-1026,2026-08-02,135,POINT_GEAR_TEST,88.4,0
INSP-600767,AST-TRK-1037,2026-08-02,135,USFD_ULTRASONIC,91.8,0
INSP-600768,AST-PNT-1040,2026-08-02,135,POINT_GEAR_TEST,91.3,0
INSP-600769,AST-TRK-1138,2026-08-02,135,USFD_ULTRASONIC,93.9,0
INSP-600770,AST-PNT-1004,2026-08-03,136,POINT_GEAR_TEST,87.5,0
INSP-600771,AST-PNT-1023,2026-08-03,136,POINT_GEAR_TEST,89.2,0
INSP-600772,AST-PNT-1053,2026-08-03,136,POINT_GEAR_TEST,91.4,0
INSP-600773,AST-TRK-1089,2026-08-03,136,USFD_ULTRASONIC,91.1,0
INSP-600774,AST-TRK-1099,2026-08-03,136,USFD_ULTRASONIC,93.5,0
INSP-600775,AST-TRK-1132,2026-08-03,136,USFD_ULTRASONIC,92.0,0
INSP-600776,AST-TRK-1147,2026-08-03,136,USFD_ULTRASONIC,95.4,0
INSP-600777,AST-TRK-1050,2026-08-04,137,USFD_ULTRASONIC,93.4,0
INSP-600778,AST-TRK-1060,2026-08-04,137,USFD_ULTRASONIC,90.3,0
INSP-600779,AST-TRK-1108,2026-08-04,137,USFD_ULTRASONIC,90.2,0
INSP-600780,AST-TRK-1111,2026-08-04,137,USFD_ULTRASONIC,92.5,0
INSP-600781,AST-TRK-1160,2026-08-04,137,USFD_ULTRASONIC,95.0,0
INSP-600782,AST-TRK-1057,2026-08-05,138,USFD_ULTRASONIC,90.8,0
INSP-600783,AST-TRK-1059,2026-08-05,138,USFD_ULTRASONIC,92.1,0
INSP-600784,AST-OHE-1074,2026-08-05,138,TOWER_WAGON,91.6,0
INSP-600785,AST-TRK-1081,2026-08-05,138,USFD_ULTRASONIC,89.0,0
INSP-600786,AST-TRK-1082,2026-08-05,138,USFD_ULTRASONIC,89.7,0
INSP-600787,AST-TRK-1100,2026-08-05,138,USFD_ULTRASONIC,90.1,0
INSP-600788,AST-OHE-1114,2026-08-05,138,TOWER_WAGON,90.8,0
INSP-600789,AST-TRK-1167,2026-08-05,138,USFD_ULTRASONIC,93.0,0
INSP-600790,AST-TRK-1012,2026-08-06,139,USFD_ULTRASONIC,93.3,0
INSP-600791,AST-OHE-1024,2026-08-06,139,TOWER_WAGON,90.8,0
INSP-600792,AST-SIG-1052,2026-08-06,139,POINT_GEAR_TEST,95.3,0
INSP-600793,AST-TRK-1131,2026-08-06,139,USFD_ULTRASONIC,91.6,0
INSP-600794,AST-TRK-1133,2026-08-06,139,USFD_ULTRASONIC,91.0,0
INSP-600795,AST-TRK-1154,2026-08-06,139,USFD_ULTRASONIC,88.8,0
INSP-600796,AST-TRK-1159,2026-08-06,139,USFD_ULTRASONIC,91.3,0
INSP-600797,AST-TRK-1162,2026-08-06,139,USFD_ULTRASONIC,90.8,0
INSP-600798,AST-TRK-1166,2026-08-06,139,USFD_ULTRASONIC,92.3,0
INSP-600799,AST-TRK-1001,2026-08-07,140,USFD_ULTRASONIC,92.0,0
INSP-600800,AST-TRK-1034,2026-08-07,140,USFD_ULTRASONIC,91.8,0
INSP-600801,AST-OHE-1041,2026-08-07,140,TOWER_WAGON,89.9,0
INSP-600802,AST-TRK-1044,2026-08-07,140,USFD_ULTRASONIC,93.3,0
INSP-600803,AST-TRK-1066,2026-08-07,140,USFD_ULTRASONIC,90.2,0
INSP-600804,AST-SIG-1072,2026-08-07,140,POINT_GEAR_TEST,94.4,0
INSP-600805,AST-SIG-1084,2026-08-07,140,POINT_GEAR_TEST,96.7,0
INSP-600806,AST-TRK-1135,2026-08-07,140,USFD_ULTRASONIC,93.2,0
INSP-600807,AST-TRK-1156,2026-08-07,140,USFD_ULTRASONIC,92.3,0
INSP-600808,AST-TRK-1157,2026-08-07,140,USFD_ULTRASONIC,90.3,0
INSP-600809,AST-TRK-1171,2026-08-07,140,USFD_ULTRASONIC,91.0,0
INSP-600810,AST-SIG-1172,2026-08-07,140,POINT_GEAR_TEST,91.6,0
INSP-600811,AST-TRK-1007,2026-08-08,141,USFD_ULTRASONIC,91.2,0
INSP-600812,AST-TRK-1011,2026-08-08,141,USFD_ULTRASONIC,92.4,0
INSP-600813,AST-TRK-1021,2026-08-08,141,USFD_ULTRASONIC,92.6,0
INSP-600814,AST-TRK-1030,2026-08-08,141,USFD_ULTRASONIC,91.8,0
INSP-600815,AST-PNT-1063,2026-08-08,141,POINT_GEAR_TEST,93.6,0
INSP-600816,AST-TRK-1110,2026-08-08,141,USFD_ULTRASONIC,91.2,0
INSP-600817,AST-TRK-1124,2026-08-08,141,USFD_ULTRASONIC,92.9,0
INSP-600818,AST-SIG-1003,2026-08-09,142,POINT_GEAR_TEST,84.6,0
INSP-600819,AST-OHE-1010,2026-08-09,142,TOWER_WAGON,90.4,0
INSP-600820,AST-SIG-1018,2026-08-09,142,POINT_GEAR_TEST,90.0,0
INSP-600821,AST-TRK-1031,2026-08-09,142,USFD_ULTRASONIC,89.0,0
INSP-600822,AST-SIG-1062,2026-08-09,142,POINT_GEAR_TEST,84.4,0
INSP-600823,AST-TRK-1068,2026-08-09,142,USFD_ULTRASONIC,91.9,0
INSP-600824,AST-TRK-1070,2026-08-09,142,USFD_ULTRASONIC,93.2,0
INSP-600825,AST-TRK-1087,2026-08-09,142,USFD_ULTRASONIC,91.7,0
INSP-600826,AST-TRK-1118,2026-08-09,142,USFD_ULTRASONIC,89.8,0
INSP-600827,AST-TRK-1125,2026-08-09,142,USFD_ULTRASONIC,90.4,0
INSP-600828,AST-TRK-1036,2026-08-10,143,USFD_ULTRASONIC,89.1,0
INSP-600829,AST-TRK-1056,2026-08-10,143,USFD_ULTRASONIC,89.8,0
INSP-600830,AST-TRK-1058,2026-08-10,143,USFD_ULTRASONIC,90.8,0
INSP-600831,AST-TRK-1092,2026-08-10,143,USFD_ULTRASONIC,90.5,0
INSP-600832,AST-TRK-1144,2026-08-10,143,USFD_ULTRASONIC,88.7,0
INSP-600833,AST-TRK-1161,2026-08-10,143,USFD_ULTRASONIC,91.4,0
INSP-600834,AST-TRK-1055,2026-08-11,144,USFD_ULTRASONIC,92.8,0
INSP-600835,AST-TRK-1083,2026-08-11,144,USFD_ULTRASONIC,92.2,0
INSP-600836,AST-TRK-1094,2026-08-11,144,USFD_ULTRASONIC,89.5,0
INSP-600837,AST-TRK-1095,2026-08-11,144,USFD_ULTRASONIC,93.8,0
INSP-600838,AST-SIG-1096,2026-08-11,144,POINT_GEAR_TEST,89.8,0
INSP-600839,AST-TRK-1105,2026-08-11,144,USFD_ULTRASONIC,89.5,0
INSP-600840,AST-TRK-1164,2026-08-11,144,USFD_ULTRASONIC,93.4,0
INSP-600841,AST-PNT-1009,2026-08-12,145,POINT_GEAR_TEST,91.0,0
INSP-600842,AST-SIG-1013,2026-08-12,145,POINT_GEAR_TEST,88.1,0
INSP-600843,AST-TRK-1065,2026-08-12,145,USFD_ULTRASONIC,92.9,0
INSP-600844,AST-TRK-1116,2026-08-12,145,USFD_ULTRASONIC,88.8,0
INSP-600845,AST-TRK-1119,2026-08-12,145,USFD_ULTRASONIC,93.8,0
INSP-600846,AST-TRK-1153,2026-08-12,145,USFD_ULTRASONIC,91.7,0
INSP-600847,AST-TRK-1165,2026-08-12,145,USFD_ULTRASONIC,92.0,0
INSP-600848,AST-PNT-1173,2026-08-12,145,POINT_GEAR_TEST,89.4,0
INSP-600849,AST-TRK-1035,2026-08-13,146,USFD_ULTRASONIC,90.8,0
INSP-600850,AST-SIG-1039,2026-08-13,146,POINT_GEAR_TEST,90.1,0
INSP-600851,AST-TRK-1093,2026-08-13,146,USFD_ULTRASONIC,94.2,0
INSP-600852,AST-TRK-1170,2026-08-13,146,USFD_ULTRASONIC,92.4,0
INSP-600853,AST-OHE-1015,2026-08-14,147,TOWER_WAGON,91.4,0
INSP-600854,AST-PNT-1019,2026-08-14,147,POINT_GEAR_TEST,97.7,0
INSP-600855,AST-TRK-1079,2026-08-14,147,USFD_ULTRASONIC,92.5,0
INSP-600856,AST-TRK-1088,2026-08-14,147,USFD_ULTRASONIC,89.2,0
INSP-600857,AST-PNT-1129,2026-08-14,147,POINT_GEAR_TEST,88.5,0
INSP-600858,AST-TRK-1146,2026-08-14,147,USFD_ULTRASONIC,89.8,0
INSP-600859,AST-TRK-1149,2026-08-14,147,USFD_ULTRASONIC,92.4,0
INSP-600860,AST-TRK-1158,2026-08-14,147,USFD_ULTRASONIC,91.5,0
INSP-600861,AST-TRK-1080,2026-08-15,148,USFD_ULTRASONIC,89.8,0
INSP-600862,AST-TRK-1117,2026-08-15,148,USFD_ULTRASONIC,94.9,0
INSP-600863,AST-PNT-1014,2026-08-16,149,POINT_GEAR_TEST,91.8,0
INSP-600864,AST-PNT-1085,2026-08-16,149,POINT_GEAR_TEST,97.8,0
INSP-600865,AST-TRK-1136,2026-08-16,149,USFD_ULTRASONIC,88.0,0
INSP-600866,AST-OHE-1064,2026-08-17,150,TOWER_WAGON,91.3,0
INSP-600867,AST-TRK-1123,2026-08-17,150,USFD_ULTRASONIC,91.4,0
INSP-600868,AST-SIG-1022,2026-08-18,151,POINT_GEAR_TEST,91.3,0
INSP-600869,AST-OHE-1028,2026-08-18,151,TOWER_WAGON,88.9,0
INSP-600870,AST-TRK-1045,2026-08-18,151,USFD_ULTRASONIC,91.6,0
INSP-600871,AST-TRK-1076,2026-08-18,151,USFD_ULTRASONIC,93.2,0
INSP-600872,AST-TRK-1115,2026-08-18,151,USFD_ULTRASONIC,92.2,0
INSP-600873,AST-TRK-1145,2026-08-18,151,USFD_ULTRASONIC,89.1,0
INSP-600874,AST-OHE-1174,2026-08-18,151,TOWER_WAGON,93.9,0
INSP-600875,AST-TRK-1017,2026-08-19,152,USFD_ULTRASONIC,93.2,0
INSP-600876,AST-OHE-1054,2026-08-19,152,TOWER_WAGON,96.6,0
INSP-600877,AST-TRK-1071,2026-08-19,152,USFD_ULTRASONIC,91.3,0
INSP-600878,AST-TRK-1168,2026-08-19,152,USFD_ULTRASONIC,95.4,0
INSP-600879,AST-TRK-1029,2026-08-20,153,USFD_ULTRASONIC,94.3,0
INSP-600880,AST-PNT-1073,2026-08-20,153,POINT_GEAR_TEST,91.8,0
INSP-600881,AST-OHE-1086,2026-08-20,153,TOWER_WAGON,90.4,0
INSP-600882,AST-TRK-1104,2026-08-20,153,USFD_ULTRASONIC,92.7,0
INSP-600883,AST-TRK-1120,2026-08-20,153,USFD_ULTRASONIC,89.3,0
INSP-600884,AST-SIG-1150,2026-08-20,153,POINT_GEAR_TEST,83.8,0
INSP-600885,AST-TRK-1169,2026-08-21,154,USFD_ULTRASONIC,90.1,0
INSP-600886,AST-TRK-1006,2026-08-22,155,USFD_ULTRASONIC,90.9,0
INSP-600887,AST-OHE-1020,2026-08-22,155,TOWER_WAGON,92.4,0
INSP-600888,AST-TRK-1025,2026-08-22,155,USFD_ULTRASONIC,90.6,0
INSP-600889,AST-TRK-1048,2026-08-22,155,USFD_ULTRASONIC,93.1,0
INSP-600890,AST-TRK-1102,2026-08-22,155,USFD_ULTRASONIC,90.7,0
INSP-600891,AST-OHE-1152,2026-08-22,155,TOWER_WAGON,90.0,0
INSP-600892,AST-TRK-1038,2026-08-23,156,USFD_ULTRASONIC,92.7,0
INSP-600893,AST-TRK-1043,2026-08-23,156,USFD_ULTRASONIC,90.2,0
INSP-600894,AST-TRK-1047,2026-08-23,156,USFD_ULTRASONIC,96.4,0
INSP-600895,AST-TRK-1049,2026-08-23,156,USFD_ULTRASONIC,92.6,0
INSP-600896,AST-TRK-1061,2026-08-24,157,USFD_ULTRASONIC,97.3,0
INSP-600897,AST-SIG-1112,2026-08-24,157,POINT_GEAR_TEST,84.2,0
INSP-600898,AST-TRK-1051,2026-08-25,158,USFD_ULTRASONIC,92.8,0
INSP-600899,AST-TRK-1103,2026-08-25,158,USFD_ULTRASONIC,90.1,0
INSP-600900,AST-TRK-1106,2026-08-25,158,USFD_ULTRASONIC,91.4,0
INSP-600901,AST-TRK-1109,2026-08-25,158,USFD_ULTRASONIC,90.0,0
INSP-600902,AST-OHE-1130,2026-08-25,158,TOWER_WAGON,91.9,0
INSP-600903,AST-TRK-1137,2026-08-25,158,USFD_ULTRASONIC,92.3,0
INSP-600904,AST-TRK-1140,2026-08-25,158,USFD_ULTRASONIC,89.8,0
INSP-600905,AST-TRK-1141,2026-08-25,158,USFD_ULTRASONIC,88.9,0
INSP-600906,AST-TRK-1142,2026-08-25,158,USFD_ULTRASONIC,90.5,0
INSP-600907,AST-TRK-1016,2026-08-26,159,USFD_ULTRASONIC,94.0,0
INSP-600908,AST-TRK-1107,2026-08-26,159,USFD_ULTRASONIC,89.5,0
INSP-600909,AST-OHE-1005,2026-08-27,160,TOWER_WAGON,94.9,0
INSP-600910,AST-SIG-1008,2026-08-27,160,POINT_GEAR_TEST,89.1,0
INSP-600911,AST-TRK-1037,2026-08-27,160,USFD_ULTRASONIC,95.3,0
INSP-600912,AST-TRK-1134,2026-08-27,160,USFD_ULTRASONIC,94.7,0
INSP-600913,AST-TRK-1148,2026-08-27,160,USFD_ULTRASONIC,88.9,0
INSP-600914,AST-TRK-1002,2026-08-28,161,USFD_ULTRASONIC,91.5,0
INSP-600915,AST-PNT-1040,2026-08-28,161,POINT_GEAR_TEST,96.4,0
INSP-600916,AST-TRK-1075,2026-08-28,161,USFD_ULTRASONIC,92.2,0
INSP-600917,AST-TRK-1121,2026-08-28,161,USFD_ULTRASONIC,95.0,0
INSP-600918,AST-TRK-1122,2026-08-28,161,USFD_ULTRASONIC,90.4,0
INSP-600919,AST-TRK-1126,2026-08-28,161,USFD_ULTRASONIC,93.6,0
INSP-600920,AST-SIG-1128,2026-08-28,161,POINT_GEAR_TEST,92.1,0
INSP-600921,AST-TRK-1046,2026-08-29,162,USFD_ULTRASONIC,93.6,0
INSP-600922,AST-TRK-1067,2026-08-29,162,USFD_ULTRASONIC,94.5,0
INSP-600923,AST-TRK-1069,2026-08-29,162,USFD_ULTRASONIC,93.0,0
INSP-600924,AST-TRK-1077,2026-08-29,162,USFD_ULTRASONIC,95.5,0
INSP-600925,AST-PNT-1097,2026-08-29,162,POINT_GEAR_TEST,98.4,0
INSP-600926,AST-TRK-1143,2026-08-29,162,USFD_ULTRASONIC,92.0,0
INSP-600927,AST-TRK-1032,2026-08-30,163,USFD_ULTRASONIC,93.5,0
INSP-600928,AST-TRK-1060,2026-08-30,163,USFD_ULTRASONIC,94.7,0
INSP-600929,AST-TRK-1099,2026-08-30,163,USFD_ULTRASONIC,89.1,0
INSP-600930,AST-TRK-1139,2026-08-30,163,USFD_ULTRASONIC,90.0,0
INSP-600931,AST-PNT-1027,2026-08-31,164,POINT_GEAR_TEST,95.3,0
INSP-600932,AST-TRK-1090,2026-08-31,164,USFD_ULTRASONIC,96.1,0
INSP-600933,AST-TRK-1091,2026-08-31,164,USFD_ULTRASONIC,94.9,0
INSP-600934,AST-PNT-1113,2026-08-31,164,POINT_GEAR_TEST,96.1,0
INSP-600935,AST-OHE-1114,2026-08-31,164,TOWER_WAGON,87.2,0
INSP-600936,AST-TRK-1132,2026-08-31,164,USFD_ULTRASONIC,93.8,0
INSP-600937,AST-TRK-1159,2026-08-31,164,USFD_ULTRASONIC,91.7,0
INSP-600938,AST-PNT-1004,2026-09-01,165,POINT_GEAR_TEST,95.0,0
INSP-600939,AST-SIG-1026,2026-09-01,165,POINT_GEAR_TEST,84.9,0
INSP-600940,AST-TRK-1078,2026-09-01,165,USFD_ULTRASONIC,88.8,0
INSP-600941,AST-TRK-1089,2026-09-01,165,USFD_ULTRASONIC,92.9,0
INSP-600942,AST-TRK-1138,2026-09-01,165,USFD_ULTRASONIC,89.2,0
INSP-600943,AST-TRK-1147,2026-09-01,165,USFD_ULTRASONIC,91.3,0
INSP-600944,AST-TRK-1012,2026-09-02,166,USFD_ULTRASONIC,89.7,0
INSP-600945,AST-TRK-1042,2026-09-02,166,USFD_ULTRASONIC,93.0,0
INSP-600946,AST-TRK-1059,2026-09-02,166,USFD_ULTRASONIC,89.0,0
INSP-600947,AST-TRK-1081,2026-09-02,166,USFD_ULTRASONIC,94.4,0
INSP-600948,AST-OHE-1098,2026-09-02,166,TOWER_WAGON,90.2,0
INSP-600949,AST-TRK-1100,2026-09-02,166,USFD_ULTRASONIC,93.6,0
INSP-600950,AST-TRK-1108,2026-09-02,166,USFD_ULTRASONIC,89.8,0
INSP-600951,AST-TRK-1111,2026-09-02,166,USFD_ULTRASONIC,96.4,0
INSP-600952,AST-TRK-1127,2026-09-02,166,USFD_ULTRASONIC,87.9,0
INSP-600953,AST-TRK-1156,2026-09-02,166,USFD_ULTRASONIC,93.2,0
INSP-600954,AST-TRK-1162,2026-09-02,166,USFD_ULTRASONIC,94.8,0
INSP-600955,AST-TRK-1001,2026-09-03,167,USFD_ULTRASONIC,93.5,0
INSP-600956,AST-TRK-1034,2026-09-03,167,USFD_ULTRASONIC,89.7,0
INSP-600957,AST-TRK-1050,2026-09-03,167,USFD_ULTRASONIC,92.5,0
INSP-600958,AST-TRK-1101,2026-09-03,167,USFD_ULTRASONIC,95.6,0
INSP-600959,AST-TRK-1155,2026-09-03,167,USFD_ULTRASONIC,92.5,0
INSP-600960,AST-TRK-1163,2026-09-03,167,USFD_ULTRASONIC,95.9,0
INSP-600961,AST-TRK-1007,2026-09-04,168,USFD_ULTRASONIC,95.5,0
INSP-600962,AST-PNT-1023,2026-09-04,168,POINT_GEAR_TEST,95.2,0
INSP-600963,AST-TRK-1033,2026-09-04,168,USFD_ULTRASONIC,87.1,0
INSP-600964,AST-PNT-1053,2026-09-04,168,POINT_GEAR_TEST,96.7,0
INSP-600965,AST-SIG-1062,2026-09-04,168,POINT_GEAR_TEST,83.0,0
INSP-600966,AST-TRK-1131,2026-09-04,168,USFD_ULTRASONIC,89.0,0
INSP-600967,AST-TRK-1135,2026-09-04,168,USFD_ULTRASONIC,87.8,0
INSP-600968,AST-PNT-1151,2026-09-04,168,POINT_GEAR_TEST,99.1,0
INSP-600969,AST-TRK-1157,2026-09-04,168,USFD_ULTRASONIC,95.6,0
INSP-600970,AST-TRK-1166,2026-09-04,168,USFD_ULTRASONIC,95.3,0
INSP-600971,AST-TRK-1036,2026-09-05,169,USFD_ULTRASONIC,95.5,0
INSP-600972,AST-TRK-1082,2026-09-05,169,USFD_ULTRASONIC,93.9,0
INSP-600973,AST-TRK-1144,2026-09-05,169,USFD_ULTRASONIC,92.1,0
INSP-600974,AST-TRK-1160,2026-09-05,169,USFD_ULTRASONIC,96.4,0
INSP-600975,AST-TRK-1171,2026-09-05,169,USFD_ULTRASONIC,94.2,0
INSP-600976,AST-SIG-1172,2026-09-05,169,POINT_GEAR_TEST,90.7,0
INSP-600977,AST-SIG-1003,2026-09-06,170,POINT_GEAR_TEST,86.1,0
INSP-600978,AST-SIG-1052,2026-09-06,170,POINT_GEAR_TEST,92.9,0
INSP-600979,AST-TRK-1057,2026-09-06,170,USFD_ULTRASONIC,95.0,0
INSP-600980,AST-OHE-1074,2026-09-06,170,TOWER_WAGON,93.9,0
INSP-600981,AST-SIG-1084,2026-09-06,170,POINT_GEAR_TEST,96.4,0
INSP-600982,AST-TRK-1087,2026-09-06,170,USFD_ULTRASONIC,95.7,0
INSP-600983,AST-SIG-1096,2026-09-06,170,POINT_GEAR_TEST,88.8,0
INSP-600984,AST-TRK-1124,2026-09-06,170,USFD_ULTRASONIC,94.5,0
INSP-600985,AST-TRK-1133,2026-09-06,170,USFD_ULTRASONIC,93.2,0
INSP-600986,AST-TRK-1167,2026-09-06,170,USFD_ULTRASONIC,92.8,0
INSP-600987,AST-TRK-1011,2026-09-07,171,USFD_ULTRASONIC,89.4,0
INSP-600988,AST-PNT-1063,2026-09-07,171,POINT_GEAR_TEST,95.3,0
INSP-600989,AST-TRK-1083,2026-09-07,171,USFD_ULTRASONIC,89.6,0
INSP-600990,AST-TRK-1095,2026-09-07,171,USFD_ULTRASONIC,90.6,0
INSP-600991,AST-OHE-1010,2026-09-08,172,TOWER_WAGON,93.6,0
INSP-600992,AST-TRK-1021,2026-09-08,172,USFD_ULTRASONIC,93.3,0
INSP-600993,AST-OHE-1024,2026-09-08,172,TOWER_WAGON,93.5,0
INSP-600994,AST-TRK-1110,2026-09-08,172,USFD_ULTRASONIC,93.3,0
INSP-600995,AST-PNT-1129,2026-09-08,172,POINT_GEAR_TEST,93.2,0
INSP-600996,AST-PNT-1173,2026-09-08,172,POINT_GEAR_TEST,94.6,0
INSP-600997,AST-SIG-1013,2026-09-09,173,POINT_GEAR_TEST,85.2,0
INSP-600998,AST-SIG-1018,2026-09-09,173,POINT_GEAR_TEST,86.0,0
INSP-600999,AST-OHE-1041,2026-09-09,173,TOWER_WAGON,95.4,0
INSP-601000,AST-TRK-1044,2026-09-09,173,USFD_ULTRASONIC,94.5,0
INSP-601001,AST-TRK-1092,2026-09-09,173,USFD_ULTRASONIC,95.5,0
INSP-601002,AST-TRK-1094,2026-09-09,173,USFD_ULTRASONIC,93.8,0
INSP-601003,AST-TRK-1105,2026-09-09,173,USFD_ULTRASONIC,91.0,0
INSP-601004,AST-TRK-1125,2026-09-09,173,USFD_ULTRASONIC,92.6,0
INSP-601005,AST-TRK-1153,2026-09-09,173,USFD_ULTRASONIC,93.4,0
INSP-601006,AST-TRK-1161,2026-09-09,173,USFD_ULTRASONIC,94.4,0
INSP-601007,AST-TRK-1030,2026-09-10,174,USFD_ULTRASONIC,94.6,0
INSP-601008,AST-TRK-1055,2026-09-10,174,USFD_ULTRASONIC,97.0,0
INSP-601009,AST-TRK-1056,2026-09-10,174,USFD_ULTRASONIC,92.3,0
INSP-601010,AST-TRK-1088,2026-09-10,174,USFD_ULTRASONIC,91.1,0
INSP-601011,AST-TRK-1118,2026-09-10,174,USFD_ULTRASONIC,94.7,0
INSP-601012,AST-TRK-1164,2026-09-10,174,USFD_ULTRASONIC,91.0,0
INSP-601013,AST-TRK-1031,2026-09-11,175,USFD_ULTRASONIC,93.2,0
INSP-601014,AST-TRK-1065,2026-09-11,175,USFD_ULTRASONIC,96.7,0
INSP-601015,AST-TRK-1066,2026-09-11,175,USFD_ULTRASONIC,91.3,0
INSP-601016,AST-SIG-1072,2026-09-11,175,POINT_GEAR_TEST,89.7,0
INSP-601017,AST-TRK-1117,2026-09-11,175,USFD_ULTRASONIC,91.0,0
INSP-601018,AST-TRK-1158,2026-09-11,175,USFD_ULTRASONIC,93.9,0
INSP-601019,AST-TRK-1170,2026-09-11,175,USFD_ULTRASONIC,95.5,0
INSP-601020,AST-PNT-1009,2026-09-12,176,POINT_GEAR_TEST,93.8,0
INSP-601021,AST-SIG-1039,2026-09-12,176,POINT_GEAR_TEST,89.4,0
INSP-601022,AST-TRK-1058,2026-09-12,176,USFD_ULTRASONIC,92.0,0
INSP-601023,AST-TRK-1068,2026-09-12,176,USFD_ULTRASONIC,93.5,0
INSP-601024,AST-TRK-1080,2026-09-12,176,USFD_ULTRASONIC,93.5,0
INSP-601025,AST-TRK-1116,2026-09-12,176,USFD_ULTRASONIC,93.9,0
INSP-601026,AST-TRK-1123,2026-09-12,176,USFD_ULTRASONIC,96.6,0
INSP-601027,AST-TRK-1149,2026-09-12,176,USFD_ULTRASONIC,95.6,0
INSP-601028,AST-TRK-1154,2026-09-12,176,USFD_ULTRASONIC,91.9,0
INSP-601029,AST-TRK-1070,2026-09-13,177,USFD_ULTRASONIC,93.1,0
INSP-601030,AST-TRK-1071,2026-09-13,177,USFD_ULTRASONIC,93.8,0
INSP-601031,AST-TRK-1079,2026-09-13,177,USFD_ULTRASONIC,96.7,0
INSP-601032,AST-TRK-1093,2026-09-13,177,USFD_ULTRASONIC,97.4,0
INSP-601033,AST-TRK-1136,2026-09-13,177,USFD_ULTRASONIC,92.1,0
INSP-601034,AST-TRK-1165,2026-09-13,177,USFD_ULTRASONIC,96.0,0
INSP-601035,AST-PNT-1019,2026-09-14,178,POINT_GEAR_TEST,92.7,0
INSP-601036,AST-TRK-1035,2026-09-14,178,USFD_ULTRASONIC,93.3,0
INSP-601037,AST-OHE-1064,2026-09-14,178,TOWER_WAGON,92.7,0
INSP-601038,AST-PNT-1085,2026-09-14,178,POINT_GEAR_TEST,91.9,0
INSP-601039,AST-TRK-1115,2026-09-14,178,USFD_ULTRASONIC,95.4,0
INSP-601040,AST-TRK-1145,2026-09-14,178,USFD_ULTRASONIC,92.6,0
INSP-601041,AST-TRK-1168,2026-09-14,178,USFD_ULTRASONIC,94.7,0
INSP-601042,AST-TRK-1017,2026-09-15,179,USFD_ULTRASONIC,91.1,0
INSP-601043,AST-TRK-1119,2026-09-16,180,USFD_ULTRASONIC,94.7,0
INSP-601044,AST-TRK-1120,2026-09-16,180,USFD_ULTRASONIC,95.5,0
INSP-601045,AST-PNT-1014,2026-09-17,181,POINT_GEAR_TEST,95.4,0
INSP-601046,AST-SIG-1022,2026-09-17,181,POINT_GEAR_TEST,93.1,0
INSP-601047,AST-TRK-1076,2026-09-17,181,USFD_ULTRASONIC,95.6,0
INSP-601048,AST-OHE-1015,2026-09-18,182,TOWER_WAGON,95.1,0
INSP-601049,AST-TRK-1045,2026-09-18,182,USFD_ULTRASONIC,94.1,0
INSP-601050,AST-TRK-1146,2026-09-18,182,USFD_ULTRASONIC,92.2,0
INSP-601051,AST-OHE-1152,2026-09-18,182,TOWER_WAGON,95.0,0
INSP-601052,AST-OHE-1174,2026-09-18,182,TOWER_WAGON,91.9,0
INSP-601053,AST-OHE-1028,2026-09-19,183,TOWER_WAGON,92.0,0
INSP-601054,AST-PNT-1073,2026-09-19,183,POINT_GEAR_TEST,96.7,0
INSP-601055,AST-TRK-1104,2026-09-19,183,USFD_ULTRASONIC,94.2,0
INSP-601056,AST-TRK-1049,2026-09-20,184,USFD_ULTRASONIC,94.2,0
INSP-601057,AST-OHE-1054,2026-09-20,184,TOWER_WAGON,93.2,0
INSP-601058,AST-TRK-1061,2026-09-20,184,USFD_ULTRASONIC,92.5,0
INSP-601059,AST-OHE-1005,2026-09-21,185,TOWER_WAGON,93.1,0
INSP-601060,AST-OHE-1020,2026-09-21,185,TOWER_WAGON,93.1,0
INSP-601061,AST-OHE-1086,2026-09-21,185,TOWER_WAGON,91.9,0
INSP-601062,AST-TRK-1102,2026-09-21,185,USFD_ULTRASONIC,95.0,0
INSP-601063,AST-SIG-1112,2026-09-21,185,POINT_GEAR_TEST,83.6,0
INSP-601064,AST-TRK-1141,2026-09-21,185,USFD_ULTRASONIC,93.6,0
INSP-601065,AST-TRK-1016,2026-09-23,187,USFD_ULTRASONIC,91.6,0
INSP-601066,AST-TRK-1025,2026-09-23,187,USFD_ULTRASONIC,93.0,0
INSP-601067,AST-TRK-1029,2026-09-23,187,USFD_ULTRASONIC,91.2,0
INSP-601068,AST-TRK-1048,2026-09-23,187,USFD_ULTRASONIC,92.8,0
INSP-601069,AST-TRK-1051,2026-09-23,187,USFD_ULTRASONIC,91.4,0
INSP-601070,AST-TRK-1142,2026-09-23,187,USFD_ULTRASONIC,93.2,0
INSP-601071,AST-TRK-1148,2026-09-23,187,USFD_ULTRASONIC,94.6,0
INSP-601072,AST-SIG-1150,2026-09-23,187,POINT_GEAR_TEST,85.1,0
INSP-601073,AST-TRK-1002,2026-09-24,188,USFD_ULTRASONIC,92.0,0
INSP-601074,AST-TRK-1006,2026-09-24,188,USFD_ULTRASONIC,93.7,0
INSP-601075,AST-SIG-1008,2026-09-24,188,POINT_GEAR_TEST,90.9,0
INSP-601076,AST-TRK-1046,2026-09-24,188,USFD_ULTRASONIC,91.4,0
INSP-601077,AST-TRK-1109,2026-09-24,188,USFD_ULTRASONIC,93.9,0
INSP-601078,AST-TRK-1043,2026-09-25,189,USFD_ULTRASONIC,93.3,0
INSP-601079,AST-OHE-1114,2026-09-25,189,TOWER_WAGON,93.1,0
INSP-601080,AST-TRK-1122,2026-09-25,189,USFD_ULTRASONIC,92.2,0
INSP-601081,AST-TRK-1126,2026-09-25,189,USFD_ULTRASONIC,94.8,0
INSP-601082,AST-TRK-1047,2026-09-26,190,USFD_ULTRASONIC,91.1,0
INSP-601083,AST-TRK-1077,2026-09-26,190,USFD_ULTRASONIC,91.5,0
INSP-601084,AST-TRK-1103,2026-09-26,190,USFD_ULTRASONIC,95.8,0
INSP-601085,AST-TRK-1107,2026-09-26,190,USFD_ULTRASONIC,94.6,0
INSP-601086,AST-OHE-1130,2026-09-26,190,TOWER_WAGON,94.4,0
INSP-601087,AST-TRK-1137,2026-09-26,190,USFD_ULTRASONIC,95.5,0
INSP-601088,AST-TRK-1169,2026-09-26,190,USFD_ULTRASONIC,91.5,0
INSP-601089,AST-TRK-1037,2026-09-27,191,USFD_ULTRASONIC,92.4,0
INSP-601090,AST-TRK-1038,2026-09-27,191,USFD_ULTRASONIC,92.8,0
INSP-601091,AST-TRK-1069,2026-09-27,191,USFD_ULTRASONIC,91.7,0
INSP-601092,AST-TRK-1075,2026-09-27,191,USFD_ULTRASONIC,92.9,0
INSP-601093,AST-TRK-1078,2026-09-27,191,USFD_ULTRASONIC,92.7,0
INSP-601094,AST-TRK-1090,2026-09-27,191,USFD_ULTRASONIC,93.0,0
INSP-601095,AST-PNT-1097,2026-09-27,191,POINT_GEAR_TEST,90.9,0
INSP-601096,AST-TRK-1106,2026-09-27,191,USFD_ULTRASONIC,94.7,0
INSP-601097,AST-SIG-1128,2026-09-27,191,POINT_GEAR_TEST,91.1,0
INSP-601098,AST-TRK-1132,2026-09-27,191,USFD_ULTRASONIC,91.1,0
INSP-601099,AST-TRK-1143,2026-09-27,191,USFD_ULTRASONIC,95.1,0
INSP-601100,AST-PNT-1004,2026-09-28,192,POINT_GEAR_TEST,88.9,0
INSP-601101,AST-TRK-1032,2026-09-28,192,USFD_ULTRASONIC,94.4,0
INSP-601102,AST-PNT-1040,2026-09-28,192,POINT_GEAR_TEST,91.2,0
INSP-601103,AST-TRK-1060,2026-09-28,192,USFD_ULTRASONIC,92.0,0
INSP-601104,AST-TRK-1067,2026-09-29,193,USFD_ULTRASONIC,91.1,0
INSP-601105,AST-TRK-1091,2026-09-29,193,USFD_ULTRASONIC,90.9,0
INSP-601106,AST-TRK-1140,2026-09-29,193,USFD_ULTRASONIC,91.6,0
INSP-601107,AST-TRK-1162,2026-09-29,193,USFD_ULTRASONIC,91.2,0
INSP-601108,AST-TRK-1099,2026-09-30,194,USFD_ULTRASONIC,92.9,0
INSP-601109,AST-TRK-1100,2026-09-30,194,USFD_ULTRASONIC,91.4,0
INSP-601110,AST-TRK-1101,2026-09-30,194,USFD_ULTRASONIC,94.1,0
INSP-601111,AST-TRK-1108,2026-09-30,194,USFD_ULTRASONIC,92.8,0
INSP-601112,AST-TRK-1121,2026-09-30,194,USFD_ULTRASONIC,93.2,0
INSP-601113,AST-TRK-1134,2026-09-30,194,USFD_ULTRASONIC,89.8,0
INSP-601114,AST-TRK-1138,2026-09-30,194,USFD_ULTRASONIC,92.1,0
INSP-601115,AST-PNT-1151,2026-09-30,194,POINT_GEAR_TEST,94.1,0
INSP-601116,AST-TRK-1159,2026-09-30,194,USFD_ULTRASONIC,90.9,0
INSP-601117,AST-TRK-1166,2026-09-30,194,USFD_ULTRASONIC,92.4,0
INSP-601118,AST-TRK-1171,2026-09-30,194,USFD_ULTRASONIC,92.3,0
