resource_id,name,type,department,home_depot,transit_speed_kmph,max_shift_hours
TAMPING_01,CSM Tamping Express 01,TAMPING_MACHINE,ENGINEERING,GZB,40,8
TAMPING_02,Duomatic Tamper 02,TAMPING_MACHINE,ENGINEERING,CNB,40,8
UNIMAT_01,Unimat 4S Points Tamper,UNIMAT,ENGINEERING,TDL,35,8
BCM_01,Plasser Ballast Cleaning Machine 01,BCM,ENGINEERING,GZB,30,8
TOWER_WAGON_01,8-Wheeler DETC Tower Wagon 01,TOWER_WAGON,TRD,ALJN,50,10
TOWER_WAGON_02,4-Wheeler OHE Tower Car 02,TOWER_WAGON,TRD,ETW,45,10
CREW_ENG_GZB,P-Way Maintenance Gang GZB,CREW_TEAM,ENGINEERING,GZB,60,8
CREW_SNT_ALJN,S&T Technical Maintenance Squad ALJN,CREW_TEAM,SIGNAL_TELECOM,ALJN,60,8
CREW_TRD_CNB,TRD Traction Power Gang CNB,CREW_TEAM,TRD,CNB,60,8
